Country,Year,Deaths_Both
Afghanistan,2019,6033
Afghanistan,2018,5295
Afghanistan,2017,5490
Afghanistan,2016,5240
Afghanistan,2015,4942
Afghanistan,2014,4693
Afghanistan,2013,4506
Afghanistan,2012,4296
Afghanistan,2011,4282
Afghanistan,2010,4208
Afghanistan,2009,4095
Afghanistan,2008,4161
Afghanistan,2007,4053
Afghanistan,2006,3982
Afghanistan,2005,3891
Afghanistan,2004,3757
Afghanistan,2003,3556
Afghanistan,2002,3371
Afghanistan,2001,3265
Afghanistan,2000,3044
Albania,2019,337
Albania,2018,317
Albania,2017,330
Albania,2016,399
Albania,2015,398
Albania,2014,394
Albania,2013,403
Albania,2012,403
Albania,2011,419
Albania,2010,415
Albania,2009,428
Albania,2008,435
Albania,2007,449
Albania,2006,456
Albania,2005,461
Albania,2004,455
Albania,2003,457
Albania,2002,453
Albania,2001,454
Albania,2000,449
Algeria,2019,8996
Algeria,2018,8849
Algeria,2017,8698
Algeria,2016,8538
Algeria,2015,8415
Algeria,2014,8255
Algeria,2013,8052
Algeria,2012,7986
Algeria,2011,8180
Algeria,2010,8023
Algeria,2009,7944
Algeria,2008,7784
Algeria,2007,7615
Algeria,2006,7459
Algeria,2005,7314
Algeria,2004,7348
Algeria,2003,7325
Algeria,2002,7262
Algeria,2001,7133
Algeria,2000,6996
Angola,2019,8317
Angola,2018,8009
Angola,2017,7596
Angola,2016,7137
Angola,2015,6586
Angola,2014,6248
Angola,2013,5817
Angola,2012,5813
Angola,2011,6149
Angola,2010,6025
Angola,2009,6155
Angola,2008,5416
Angola,2007,5324
Angola,2006,4952
Angola,2005,5064
Angola,2004,4853
Angola,2003,4577
Angola,2002,4448
Angola,2001,4269
Angola,2000,4110
Antigua and Barbuda,2019,0
Antigua and Barbuda,2018,0
Antigua and Barbuda,2017,0
Antigua and Barbuda,2016,0
Antigua and Barbuda,2015,0
Antigua and Barbuda,2014,1
Antigua and Barbuda,2013,2
Antigua and Barbuda,2012,1
Antigua and Barbuda,2011,8
Antigua and Barbuda,2010,5
Antigua and Barbuda,2009,5
Antigua and Barbuda,2008,10
Antigua and Barbuda,2007,6
Antigua and Barbuda,2006,2
Antigua and Barbuda,2005,0
Antigua and Barbuda,2004,2
Antigua and Barbuda,2003,8
Antigua and Barbuda,2002,2
Antigua and Barbuda,2001,10
Antigua and Barbuda,2000,7
Argentina,2019,6298
Argentina,2018,6021
Argentina,2017,6151
Argentina,2016,6119
Argentina,2015,5980
Argentina,2014,5700
Argentina,2013,6052
Argentina,2012,5468
Argentina,2011,5729
Argentina,2010,5252
Argentina,2009,5381
Argentina,2008,5938
Argentina,2007,5596
Argentina,2006,5150
Argentina,2005,4527
Argentina,2004,4084
Argentina,2003,3584
Argentina,2002,3696
Argentina,2001,4339
Argentina,2000,4228
Armenia,2019,590
Armenia,2018,602
Armenia,2017,483
Armenia,2016,461
Armenia,2015,490
Armenia,2014,485
Armenia,2013,486
Armenia,2012,491
Armenia,2011,510
Armenia,2010,519
Armenia,2009,516
Armenia,2008,504
Armenia,2007,515
Armenia,2006,528
Armenia,2005,546
Armenia,2004,554
Armenia,2003,558
Armenia,2002,579
Armenia,2001,594
Armenia,2000,603
Australia,2019,1245
Australia,2018,1193
Australia,2017,1277
Australia,2016,1351
Australia,2015,1243
Australia,2014,1266
Australia,2013,1224
Australia,2012,1339
Australia,2011,1337
Australia,2010,1451
Australia,2009,1555
Australia,2008,1519
Australia,2007,1653
Australia,2006,1648
Australia,2005,1677
Australia,2004,1632
Australia,2003,1671
Australia,2002,1768
Australia,2001,1791
Australia,2000,1873
Austria,2019,436
Austria,2018,429
Austria,2017,434
Austria,2016,452
Austria,2015,494
Austria,2014,443
Austria,2013,469
Austria,2012,547
Austria,2011,539
Austria,2010,569
Austria,2009,653
Austria,2008,700
Austria,2007,712
Austria,2006,753
Austria,2005,792
Austria,2004,905
Austria,2003,960
Austria,2002,986
Austria,2001,988
Austria,2000,1006
Azerbaijan,2019,676
Azerbaijan,2018,804
Azerbaijan,2017,835
Azerbaijan,2016,845
Azerbaijan,2015,995
Azerbaijan,2014,1251
Azerbaijan,2013,1296
Azerbaijan,2012,1300
Azerbaijan,2011,1131
Azerbaijan,2010,1030
Azerbaijan,2009,1035
Azerbaijan,2008,1171
Azerbaijan,2007,1199
Azerbaijan,2006,1143
Azerbaijan,2005,1185
Azerbaijan,2004,903
Azerbaijan,2003,1213
Azerbaijan,2002,838
Azerbaijan,2001,819
Azerbaijan,2000,663
Bahamas,2019,30
Bahamas,2018,32
Bahamas,2017,33
Bahamas,2016,31
Bahamas,2015,31
Bahamas,2014,30
Bahamas,2013,52
Bahamas,2012,47
Bahamas,2011,47
Bahamas,2010,45
Bahamas,2009,57
Bahamas,2008,50
Bahamas,2007,53
Bahamas,2006,49
Bahamas,2005,68
Bahamas,2004,51
Bahamas,2003,41
Bahamas,2002,54
Bahamas,2001,63
Bahamas,2000,76
Bahrain,2019,85
Bahrain,2018,89
Bahrain,2017,92
Bahrain,2016,99
Bahrain,2015,103
Bahrain,2014,98
Bahrain,2013,128
Bahrain,2012,123
Bahrain,2011,124
Bahrain,2010,134
Bahrain,2009,160
Bahrain,2008,151
Bahrain,2007,164
Bahrain,2006,209
Bahrain,2005,139
Bahrain,2004,130
Bahrain,2003,125
Bahrain,2002,139
Bahrain,2001,121
Bahrain,2000,80
Bangladesh,2019,25023
Bangladesh,2018,25069
Bangladesh,2017,24940
Bangladesh,2016,24954
Bangladesh,2015,24708
Bangladesh,2014,24579
Bangladesh,2013,24323
Bangladesh,2012,24054
Bangladesh,2011,25124
Bangladesh,2010,24872
Bangladesh,2009,24697
Bangladesh,2008,24331
Bangladesh,2007,24166
Bangladesh,2006,24829
Bangladesh,2005,24531
Bangladesh,2004,22408
Bangladesh,2003,20068
Bangladesh,2002,17830
Bangladesh,2001,15670
Bangladesh,2000,13791
Barbados,2019,23
Barbados,2018,24
Barbados,2017,24
Barbados,2016,16
Barbados,2015,38
Barbados,2014,24
Barbados,2013,40
Barbados,2012,42
Barbados,2011,31
Barbados,2010,25
Barbados,2009,26
Barbados,2008,17
Barbados,2007,28
Barbados,2006,22
Barbados,2005,24
Barbados,2004,46
Barbados,2003,32
Barbados,2002,31
Barbados,2001,24
Barbados,2000,40
Belarus,2019,722
Belarus,2018,786
Belarus,2017,843
Belarus,2016,841
Belarus,2015,950
Belarus,2014,1083
Belarus,2013,1279
Belarus,2012,1486
Belarus,2011,1748
Belarus,2010,2066
Belarus,2009,1841
Belarus,2008,2255
Belarus,2007,2224
Belarus,2006,2100
Belarus,2005,2109
Belarus,2004,2214
Belarus,2003,2587
Belarus,2002,2544
Belarus,2001,1739
Belarus,2000,1758
Belgium,2019,666
Belgium,2018,623
Belgium,2017,628
Belgium,2016,657
Belgium,2015,755
Belgium,2014,750
Belgium,2013,778
Belgium,2012,794
Belgium,2011,902
Belgium,2010,889
Belgium,2009,1023
Belgium,2008,1015
Belgium,2007,1160
Belgium,2006,1115
Belgium,2005,1154
Belgium,2004,1198
Belgium,2003,1251
Belgium,2002,1437
Belgium,2001,1633
Belgium,2000,1712
Belize,2019,88
Belize,2018,86
Belize,2017,73
Belize,2016,104
Belize,2015,92
Belize,2014,86
Belize,2013,75
Belize,2012,72
Belize,2011,60
Belize,2010,45
Belize,2009,53
Belize,2008,104
Belize,2007,97
Belize,2006,84
Belize,2005,102
Belize,2004,65
Belize,2003,85
Belize,2002,95
Belize,2001,96
Belize,2000,73
Benin,2019,3162
Benin,2018,3090
Benin,2017,3019
Benin,2016,2986
Benin,2015,2887
Benin,2014,2781
Benin,2013,2699
Benin,2012,2661
Benin,2011,2656
Benin,2010,2595
Benin,2009,2497
Benin,2008,2404
Benin,2007,2334
Benin,2006,2313
Benin,2005,2303
Benin,2004,2167
Benin,2003,2122
Benin,2002,2092
Benin,2001,2017
Benin,2000,1952
Bhutan,2019,123
Bhutan,2018,120
Bhutan,2017,117
Bhutan,2016,139
Bhutan,2015,110
Bhutan,2014,85
Bhutan,2013,84
Bhutan,2012,107
Bhutan,2011,116
Bhutan,2010,93
Bhutan,2009,92
Bhutan,2008,102
Bhutan,2007,88
Bhutan,2006,88
Bhutan,2005,87
Bhutan,2004,84
Bhutan,2003,78
Bhutan,2002,74
Bhutan,2001,72
Bhutan,2000,69
Bolivia (Plurinational State of),2019,2430
Bolivia (Plurinational State of),2018,2351
Bolivia (Plurinational State of),2017,2275
Bolivia (Plurinational State of),2016,1687
Bolivia (Plurinational State of),2015,2044
Bolivia (Plurinational State of),2014,2129
Bolivia (Plurinational State of),2013,2476
Bolivia (Plurinational State of),2012,2389
Bolivia (Plurinational State of),2011,1789
Bolivia (Plurinational State of),2010,1734
Bolivia (Plurinational State of),2009,1637
Bolivia (Plurinational State of),2008,1672
Bolivia (Plurinational State of),2007,1438
Bolivia (Plurinational State of),2006,1964
Bolivia (Plurinational State of),2005,1400
Bolivia (Plurinational State of),2004,1373
Bolivia (Plurinational State of),2003,1347
Bolivia (Plurinational State of),2002,1325
Bolivia (Plurinational State of),2001,1271
Bolivia (Plurinational State of),2000,1224
Bosnia and Herzegovina,2019,446
Bosnia and Herzegovina,2018,473
Bosnia and Herzegovina,2017,523
Bosnia and Herzegovina,2016,552
Bosnia and Herzegovina,2015,543
Bosnia and Herzegovina,2014,538
Bosnia and Herzegovina,2013,544
Bosnia and Herzegovina,2012,564
Bosnia and Herzegovina,2011,545
Bosnia and Herzegovina,2010,627
Bosnia and Herzegovina,2009,638
Bosnia and Herzegovina,2008,643
Bosnia and Herzegovina,2007,657
Bosnia and Herzegovina,2006,661
Bosnia and Herzegovina,2005,670
Bosnia and Herzegovina,2004,683
Bosnia and Herzegovina,2003,691
Bosnia and Herzegovina,2002,695
Bosnia and Herzegovina,2001,708
Bosnia and Herzegovina,2000,713
Botswana,2019,608
Botswana,2018,580
Botswana,2017,552
Botswana,2016,535
Botswana,2015,526
Botswana,2014,506
Botswana,2013,431
Botswana,2012,432
Botswana,2011,480
Botswana,2010,480
Botswana,2009,469
Botswana,2008,458
Botswana,2007,489
Botswana,2006,453
Botswana,2005,446
Botswana,2004,526
Botswana,2003,550
Botswana,2002,514
Botswana,2001,521
Botswana,2000,523
Brazil,2019,33871
Brazil,2018,35857
Brazil,2017,38844
Brazil,2016,41007
Brazil,2015,42505
Brazil,2014,47902
Brazil,2013,46519
Brazil,2012,49476
Brazil,2011,48314
Brazil,2010,47537
Brazil,2009,43018
Brazil,2008,43304
Brazil,2007,42834
Brazil,2006,41075
Brazil,2005,41683
Brazil,2004,40908
Brazil,2003,38234
Brazil,2002,38072
Brazil,2001,35656
Brazil,2000,34451
Brunei Darussalam,2019,32
Brunei Darussalam,2018,33
Brunei Darussalam,2017,34
Brunei Darussalam,2016,38
Brunei Darussalam,2015,37
Brunei Darussalam,2014,35
Brunei Darussalam,2013,39
Brunei Darussalam,2012,36
Brunei Darussalam,2011,48
Brunei Darussalam,2010,30
Brunei Darussalam,2009,44
Brunei Darussalam,2008,40
Brunei Darussalam,2007,66
Brunei Darussalam,2006,47
Brunei Darussalam,2005,53
Brunei Darussalam,2004,45
Brunei Darussalam,2003,31
Brunei Darussalam,2002,52
Brunei Darussalam,2001,66
Brunei Darussalam,2000,53
Bulgaria,2019,647
Bulgaria,2018,629
Bulgaria,2017,703
Bulgaria,2016,730
Bulgaria,2015,730
Bulgaria,2014,680
Bulgaria,2013,620
Bulgaria,2012,620
Bulgaria,2011,677
Bulgaria,2010,799
Bulgaria,2009,929
Bulgaria,2008,1094
Bulgaria,2007,1085
Bulgaria,2006,1075
Bulgaria,2005,987
Bulgaria,2004,969
Bulgaria,2003,990
Bulgaria,2002,989
Bulgaria,2001,1043
Bulgaria,2000,1043
Burkina Faso,2019,6303
Burkina Faso,2018,6091
Burkina Faso,2017,5885
Burkina Faso,2016,5686
Burkina Faso,2015,5510
Burkina Faso,2014,5317
Burkina Faso,2013,5086
Burkina Faso,2012,4908
Burkina Faso,2011,4831
Burkina Faso,2010,4707
Burkina Faso,2009,4456
Burkina Faso,2008,4358
Burkina Faso,2007,4223
Burkina Faso,2006,4070
Burkina Faso,2005,3915
Burkina Faso,2004,3787
Burkina Faso,2003,3594
Burkina Faso,2002,3445
Burkina Faso,2001,3314
Burkina Faso,2000,3207
Burundi,2019,4089
Burundi,2018,3929
Burundi,2017,3774
Burundi,2016,3651
Burundi,2015,3498
Burundi,2014,3307
Burundi,2013,3225
Burundi,2012,3127
Burundi,2011,2952
Burundi,2010,2878
Burundi,2009,2774
Burundi,2008,2684
Burundi,2007,2623
Burundi,2006,2522
Burundi,2005,2203
Burundi,2004,2119
Burundi,2003,2060
Burundi,2002,1962
Burundi,2001,1968
Burundi,2000,1936
Cabo Verde,2019,147
Cabo Verde,2018,143
Cabo Verde,2017,139
Cabo Verde,2016,135
Cabo Verde,2015,131
Cabo Verde,2014,127
Cabo Verde,2013,123
Cabo Verde,2012,119
Cabo Verde,2011,117
Cabo Verde,2010,116
Cabo Verde,2009,112
Cabo Verde,2008,109
Cabo Verde,2007,110
Cabo Verde,2006,109
Cabo Verde,2005,110
Cabo Verde,2004,109
Cabo Verde,2003,108
Cabo Verde,2002,104
Cabo Verde,2001,102
Cabo Verde,2000,98
Cambodia,2019,3223
Cambodia,2018,3081
Cambodia,2017,2944
Cambodia,2016,2803
Cambodia,2015,2696
Cambodia,2014,2650
Cambodia,2013,2576
Cambodia,2012,2520
Cambodia,2011,2612
Cambodia,2010,2587
Cambodia,2009,2520
Cambodia,2008,2457
Cambodia,2007,2379
Cambodia,2006,2407
Cambodia,2005,2375
Cambodia,2004,2301
Cambodia,2003,2267
Cambodia,2002,2233
Cambodia,2001,2187
Cambodia,2000,2178
Cameroon,2019,7810
Cameroon,2018,7545
Cameroon,2017,7287
Cameroon,2016,7066
Cameroon,2015,6756
Cameroon,2014,6554
Cameroon,2013,6337
Cameroon,2012,6147
Cameroon,2011,6059
Cameroon,2010,5871
Cameroon,2009,5641
Cameroon,2008,5461
Cameroon,2007,5259
Cameroon,2006,5129
Cameroon,2005,5019
Cameroon,2004,4794
Cameroon,2003,4597
Cameroon,2002,4530
Cameroon,2001,4386
Cameroon,2000,4258
Canada,2019,1998
Canada,2018,2013
Canada,2017,2054
Canada,2016,2118
Canada,2015,2073
Canada,2014,2066
Canada,2013,2212
Canada,2012,2356
Canada,2011,2189
Canada,2010,2508
Canada,2009,2418
Canada,2008,2681
Canada,2007,2924
Canada,2006,2975
Canada,2005,3051
Canada,2004,2846
Canada,2003,2871
Canada,2002,3012
Canada,2001,2841
Canada,2000,2993
Central African Republic,2019,1790
Central African Republic,2018,1678
Central African Republic,2017,1625
Central African Republic,2016,1546
Central African Republic,2015,1528
Central African Republic,2014,1504
Central African Republic,2013,1480
Central African Republic,2012,1313
Central African Republic,2011,1339
Central African Republic,2010,1339
Central African Republic,2009,1389
Central African Republic,2008,1381
Central African Republic,2007,1371
Central African Republic,2006,1360
Central African Republic,2005,1347
Central African Republic,2004,1332
Central African Republic,2003,1301
Central African Republic,2002,1202
Central African Republic,2001,1188
Central African Republic,2000,1177
Chad,2019,5171
Chad,2018,4740
Chad,2017,4342
Chad,2016,3990
Chad,2015,3630
Chad,2014,3365
Chad,2013,3172
Chad,2012,3028
Chad,2011,3063
Chad,2010,2948
Chad,2009,2882
Chad,2008,2791
Chad,2007,2658
Chad,2006,2560
Chad,2005,2500
Chad,2004,2439
Chad,2003,2478
Chad,2002,2384
Chad,2001,2307
Chad,2000,2252
Chile,2019,2826
Chile,2018,2620
Chile,2017,2580
Chile,2016,2245
Chile,2015,2204
Chile,2014,2184
Chile,2013,2175
Chile,2012,2041
Chile,2011,2108
Chile,2010,2137
Chile,2009,2096
Chile,2008,2388
Chile,2007,2204
Chile,2006,3055
Chile,2005,2869
Chile,2004,2856
Chile,2003,2853
Chile,2002,2506
Chile,2001,2519
Chile,2000,2751
China,2019,250272
China,2018,252225
China,2017,254102
China,2016,256180
China,2015,258175
China,2014,264944
China,2013,274653
China,2012,282962
China,2011,286458
China,2010,279005
China,2009,280280
China,2008,279173
China,2007,282827
China,2006,279093
China,2005,278063
China,2004,273248
China,2003,279480
China,2002,290780
China,2001,286025
China,2000,277382
Colombia,2019,7765
Colombia,2018,8105
Colombia,2017,8411
Colombia,2016,8948
Colombia,2015,8540
Colombia,2014,7944
Colombia,2013,7768
Colombia,2012,7688
Colombia,2011,7196
Colombia,2010,7330
Colombia,2009,7908
Colombia,2008,7970
Colombia,2007,7837
Colombia,2006,7536
Colombia,2005,7226
Colombia,2004,7353
Colombia,2003,7119
Colombia,2002,7776
Colombia,2001,8067
Colombia,2000,7942
Comoros,2019,226
Comoros,2018,221
Comoros,2017,217
Comoros,2016,211
Comoros,2015,207
Comoros,2014,200
Comoros,2013,197
Comoros,2012,193
Comoros,2011,191
Comoros,2010,187
Comoros,2009,182
Comoros,2008,176
Comoros,2007,170
Comoros,2006,166
Comoros,2005,164
Comoros,2004,161
Comoros,2003,156
Comoros,2002,152
Comoros,2001,149
Comoros,2000,146
Congo,2019,1598
Congo,2018,1530
Congo,2017,1464
Congo,2016,1405
Congo,2015,1339
Congo,2014,1294
Congo,2013,1246
Congo,2012,1210
Congo,2011,1187
Congo,2010,1156
Congo,2009,1088
Congo,2008,1040
Congo,2007,1009
Congo,2006,955
Congo,2005,922
Congo,2004,906
Congo,2003,887
Congo,2002,859
Congo,2001,839
Congo,2000,822
Costa Rica,2019,746
Costa Rica,2018,721
Costa Rica,2017,728
Costa Rica,2016,812
Costa Rica,2015,798
Costa Rica,2014,682
Costa Rica,2013,644
Costa Rica,2012,699
Costa Rica,2011,616
Costa Rica,2010,640
Costa Rica,2009,721
Costa Rica,2008,751
Costa Rica,2007,709
Costa Rica,2006,712
Costa Rica,2005,620
Costa Rica,2004,650
Costa Rica,2003,642
Costa Rica,2002,698
Costa Rica,2001,696
Costa Rica,2000,704
Côte d'Ivoire,2019,6202
Côte d'Ivoire,2018,5985
Côte d'Ivoire,2017,5775
Côte d'Ivoire,2016,5582
Côte d'Ivoire,2015,5379
Côte d'Ivoire,2014,5215
Côte d'Ivoire,2013,5197
Côte d'Ivoire,2012,5163
Côte d'Ivoire,2011,5430
Côte d'Ivoire,2010,5293
Côte d'Ivoire,2009,5120
Côte d'Ivoire,2008,4989
Côte d'Ivoire,2007,4876
Côte d'Ivoire,2006,4843
Côte d'Ivoire,2005,4832
Côte d'Ivoire,2004,4755
Côte d'Ivoire,2003,4553
Côte d'Ivoire,2002,4380
Côte d'Ivoire,2001,4263
Côte d'Ivoire,2000,4187
Croatia,2019,328
Croatia,2018,351
Croatia,2017,366
Croatia,2016,340
Croatia,2015,392
Croatia,2014,347
Croatia,2013,395
Croatia,2012,412
Croatia,2011,479
Croatia,2010,455
Croatia,2009,565
Croatia,2008,685
Croatia,2007,638
Croatia,2006,633
Croatia,2005,616
Croatia,2004,627
Croatia,2003,723
Croatia,2002,646
Croatia,2001,667
Croatia,2000,675
Cuba,2019,1007
Cuba,2018,997
Cuba,2017,987
Cuba,2016,975
Cuba,2015,1020
Cuba,2014,960
Cuba,2013,907
Cuba,2012,938
Cuba,2011,883
Cuba,2010,935
Cuba,2009,993
Cuba,2008,1029
Cuba,2007,967
Cuba,2006,1092
Cuba,2005,1305
Cuba,2004,1286
Cuba,2003,1291
Cuba,2002,1488
Cuba,2001,1590
Cuba,2000,1753
Cyprus,2019,69
Cyprus,2018,65
Cyprus,2017,70
Cyprus,2016,61
Cyprus,2015,78
Cyprus,2014,61
Cyprus,2013,57
Cyprus,2012,69
Cyprus,2011,88
Cyprus,2010,92
Cyprus,2009,102
Cyprus,2008,106
Cyprus,2007,118
Cyprus,2006,96
Cyprus,2005,129
Cyprus,2004,147
Cyprus,2003,117
Cyprus,2002,118
Cyprus,2001,113
Cyprus,2000,116
Czechia,2019,636
Czechia,2018,676
Czechia,2017,595
Czechia,2016,630
Czechia,2015,761
Czechia,2014,709
Czechia,2013,674
Czechia,2012,765
Czechia,2011,797
Czechia,2010,827
Czechia,2009,929
Czechia,2008,1109
Czechia,2007,1260
Czechia,2006,1096
Czechia,2005,1326
Czechia,2004,1425
Czechia,2003,1492
Czechia,2002,1474
Czechia,2001,1374
Czechia,2000,1532
Democratic People's Republic of Korea,2019,6210
Democratic People's Republic of Korea,2018,6148
Democratic People's Republic of Korea,2017,6042
Democratic People's Republic of Korea,2016,6096
Democratic People's Republic of Korea,2015,5915
Democratic People's Republic of Korea,2014,5897
Democratic People's Republic of Korea,2013,5788
Democratic People's Republic of Korea,2012,5769
Democratic People's Republic of Korea,2011,5804
Democratic People's Republic of Korea,2010,5731
Democratic People's Republic of Korea,2009,5720
Democratic People's Republic of Korea,2008,5757
Democratic People's Republic of Korea,2007,5723
Democratic People's Republic of Korea,2006,5575
Democratic People's Republic of Korea,2005,5410
Democratic People's Republic of Korea,2004,5396
Democratic People's Republic of Korea,2003,5411
Democratic People's Republic of Korea,2002,5261
Democratic People's Republic of Korea,2001,5157
Democratic People's Republic of Korea,2000,5195
Democratic Republic of the Congo,2019,30256
Democratic Republic of the Congo,2018,27709
Democratic Republic of the Congo,2017,27009
Democratic Republic of the Congo,2016,26529
Democratic Republic of the Congo,2015,25536
Democratic Republic of the Congo,2014,24786
Democratic Republic of the Congo,2013,24241
Democratic Republic of the Congo,2012,23497
Democratic Republic of the Congo,2011,23795
Democratic Republic of the Congo,2010,23258
Democratic Republic of the Congo,2009,22667
Democratic Republic of the Congo,2008,21598
Democratic Republic of the Congo,2007,21019
Democratic Republic of the Congo,2006,20716
Democratic Republic of the Congo,2005,20150
Democratic Republic of the Congo,2004,19391
Democratic Republic of the Congo,2003,19533
Democratic Republic of the Congo,2002,19214
Democratic Republic of the Congo,2001,18402
Democratic Republic of the Congo,2000,17950
Denmark,2019,213
Denmark,2018,183
Denmark,2017,187
Denmark,2016,227
Denmark,2015,197
Denmark,2014,196
Denmark,2013,198
Denmark,2012,172
Denmark,2011,227
Denmark,2010,277
Denmark,2009,312
Denmark,2008,419
Denmark,2007,419
Denmark,2006,315
Denmark,2005,352
Denmark,2004,380
Denmark,2003,445
Denmark,2002,477
Denmark,2001,459
Denmark,2000,513
Djibouti,2019,229
Djibouti,2018,226
Djibouti,2017,224
Djibouti,2016,221
Djibouti,2015,218
Djibouti,2014,214
Djibouti,2013,210
Djibouti,2012,205
Djibouti,2011,215
Djibouti,2010,237
Djibouti,2009,231
Djibouti,2008,224
Djibouti,2007,223
Djibouti,2006,222
Djibouti,2005,220
Djibouti,2004,213
Djibouti,2003,211
Djibouti,2002,205
Djibouti,2001,202
Djibouti,2000,197
Dominican Republic,2019,6937
Dominican Republic,2018,5682
Dominican Republic,2017,4868
Dominican Republic,2016,3684
Dominican Republic,2015,3379
Dominican Republic,2014,3221
Dominican Republic,2013,4015
Dominican Republic,2012,3003
Dominican Republic,2011,2520
Dominican Republic,2010,2699
Dominican Republic,2009,2276
Dominican Republic,2008,2453
Dominican Republic,2007,2259
Dominican Republic,2006,2363
Dominican Republic,2005,2626
Dominican Republic,2004,3230
Dominican Republic,2003,3470
Dominican Republic,2002,3205
Dominican Republic,2001,2766
Dominican Republic,2000,2493
Ecuador,2019,3490
Ecuador,2018,3537
Ecuador,2017,3581
Ecuador,2016,3490
Ecuador,2015,3804
Ecuador,2014,3825
Ecuador,2013,3470
Ecuador,2012,3445
Ecuador,2011,3768
Ecuador,2010,3682
Ecuador,2009,3392
Ecuador,2008,2893
Ecuador,2007,2733
Ecuador,2006,2594
Ecuador,2005,2379
Ecuador,2004,1873
Ecuador,2003,2014
Ecuador,2002,1973
Ecuador,2001,1908
Ecuador,2000,1713
Egypt,2019,10141
Egypt,2018,10178
Egypt,2017,10210
Egypt,2016,9287
Egypt,2015,10782
Egypt,2014,11156
Egypt,2013,9280
Egypt,2012,8851
Egypt,2011,10991
Egypt,2010,11328
Egypt,2009,10485
Egypt,2008,10489
Egypt,2007,9983
Egypt,2006,8514
Egypt,2005,8186
Egypt,2004,7954
Egypt,2003,8987
Egypt,2002,8222
Egypt,2001,7473
Egypt,2000,7734
El Salvador,2019,1347
El Salvador,2018,1332
El Salvador,2017,1318
El Salvador,2016,1411
El Salvador,2015,1317
El Salvador,2014,1284
El Salvador,2013,1192
El Salvador,2012,1185
El Salvador,2011,1310
El Salvador,2010,1380
El Salvador,2009,1517
El Salvador,2008,1740
El Salvador,2007,1887
El Salvador,2006,2000
El Salvador,2005,1797
El Salvador,2004,2146
El Salvador,2003,2131
El Salvador,2002,1971
El Salvador,2001,2090
El Salvador,2000,2114
Equatorial Guinea,2019,368
Equatorial Guinea,2018,344
Equatorial Guinea,2017,321
Equatorial Guinea,2016,300
Equatorial Guinea,2015,278
Equatorial Guinea,2014,258
Equatorial Guinea,2013,239
Equatorial Guinea,2012,229
Equatorial Guinea,2011,210
Equatorial Guinea,2010,196
Equatorial Guinea,2009,175
Equatorial Guinea,2008,165
Equatorial Guinea,2007,156
Equatorial Guinea,2006,153
Equatorial Guinea,2005,151
Equatorial Guinea,2004,142
Equatorial Guinea,2003,143
Equatorial Guinea,2002,134
Equatorial Guinea,2001,129
Equatorial Guinea,2000,134
Eritrea,2019,1326
Eritrea,2018,1292
Eritrea,2017,1260
Eritrea,2016,1255
Eritrea,2015,1235
Eritrea,2014,1159
Eritrea,2013,1133
Eritrea,2012,1096
Eritrea,2011,1081
Eritrea,2010,1078
Eritrea,2009,1060
Eritrea,2008,1038
Eritrea,2007,1012
Eritrea,2006,982
Eritrea,2005,959
Eritrea,2004,912
Eritrea,2003,866
Eritrea,2002,815
Eritrea,2001,758
Eritrea,2000,718
Estonia,2019,59
Estonia,2018,76
Estonia,2017,54
Estonia,2016,80
Estonia,2015,84
Estonia,2014,80
Estonia,2013,94
Estonia,2012,90
Estonia,2011,108
Estonia,2010,90
Estonia,2009,117
Estonia,2008,166
Estonia,2007,229
Estonia,2006,261
Estonia,2005,199
Estonia,2004,189
Estonia,2003,187
Estonia,2002,231
Estonia,2001,222
Estonia,2000,247
Eswatini,2019,384
Eswatini,2018,375
Eswatini,2017,367
Eswatini,2016,361
Eswatini,2015,348
Eswatini,2014,341
Eswatini,2013,334
Eswatini,2012,329
Eswatini,2011,332
Eswatini,2010,320
Eswatini,2009,314
Eswatini,2008,304
Eswatini,2007,300
Eswatini,2006,296
Eswatini,2005,308
Eswatini,2004,312
Eswatini,2003,307
Eswatini,2002,301
Eswatini,2001,303
Eswatini,2000,300
Ethiopia,2019,31564
Ethiopia,2018,30105
Ethiopia,2017,28702
Ethiopia,2016,27326
Ethiopia,2015,26255
Ethiopia,2014,25330
Ethiopia,2013,24580
Ethiopia,2012,24323
Ethiopia,2011,23474
Ethiopia,2010,20423
Ethiopia,2009,20036
Ethiopia,2008,19388
Ethiopia,2007,18967
Ethiopia,2006,18786
Ethiopia,2005,18730
Ethiopia,2004,18427
Ethiopia,2003,18130
Ethiopia,2002,17292
Ethiopia,2001,16666
Ethiopia,2000,16300
Fiji,2019,120
Fiji,2018,108
Fiji,2017,97
Fiji,2016,86
Fiji,2015,93
Fiji,2014,70
Fiji,2013,59
Fiji,2012,66
Fiji,2011,76
Fiji,2010,84
Fiji,2009,62
Fiji,2008,106
Fiji,2007,92
Fiji,2006,124
Fiji,2005,107
Fiji,2004,107
Fiji,2003,127
Fiji,2002,61
Fiji,2001,65
Fiji,2000,79
Finland,2019,215
Finland,2018,246
Finland,2017,245
Finland,2016,260
Finland,2015,278
Finland,2014,241
Finland,2013,268
Finland,2012,263
Finland,2011,301
Finland,2010,280
Finland,2009,307
Finland,2008,359
Finland,2007,396
Finland,2006,346
Finland,2005,391
Finland,2004,400
Finland,2003,413
Finland,2002,445
Finland,2001,462
Finland,2000,421
France,2019,3339
France,2018,3349
France,2017,3555
France,2016,3585
France,2015,3568
France,2014,3489
France,2013,3369
France,2012,3766
France,2011,4086
France,2010,4116
France,2009,4405
France,2008,4408
France,2007,4763
France,2006,4855
France,2005,5483
France,2004,5409
France,2003,6064
France,2002,7467
France,2001,7959
France,2000,7880
Gabon,2019,518
Gabon,2018,504
Gabon,2017,494
Gabon,2016,464
Gabon,2015,446
Gabon,2014,429
Gabon,2013,429
Gabon,2012,421
Gabon,2011,409
Gabon,2010,394
Gabon,2009,395
Gabon,2008,368
Gabon,2007,367
Gabon,2006,343
Gabon,2005,311
Gabon,2004,340
Gabon,2003,305
Gabon,2002,302
Gabon,2001,296
Gabon,2000,261
Gambia,2019,695
Gambia,2018,664
Gambia,2017,634
Gambia,2016,605
Gambia,2015,579
Gambia,2014,552
Gambia,2013,524
Gambia,2012,503
Gambia,2011,496
Gambia,2010,475
Gambia,2009,457
Gambia,2008,449
Gambia,2007,435
Gambia,2006,425
Gambia,2005,405
Gambia,2004,388
Gambia,2003,370
Gambia,2002,362
Gambia,2001,347
Gambia,2000,339
Georgia,2019,496
Georgia,2018,473
Georgia,2017,533
Georgia,2016,599
Georgia,2015,634
Georgia,2014,585
Georgia,2013,530
Georgia,2012,624
Georgia,2011,542
Georgia,2010,706
Georgia,2009,764
Georgia,2008,894
Georgia,2007,760
Georgia,2006,696
Georgia,2005,599
Georgia,2004,657
Georgia,2003,591
Georgia,2002,531
Georgia,2001,575
Georgia,2000,516
Germany,2019,3160
Germany,2018,3399
Germany,2017,3301
Germany,2016,3327
Germany,2015,3566
Germany,2014,3499
Germany,2013,3559
Germany,2012,3804
Germany,2011,4260
Germany,2010,3885
Germany,2009,4320
Germany,2008,4685
Germany,2007,5166
Germany,2006,5350
Germany,2005,5625
Germany,2004,6106
Germany,2003,6842
Germany,2002,7176
Germany,2001,7287
Germany,2000,7830
Ghana,2019,7808
Ghana,2018,7528
Ghana,2017,7257
Ghana,2016,7018
Ghana,2015,6783
Ghana,2014,6522
Ghana,2013,6233
Ghana,2012,6051
Ghana,2011,5941
Ghana,2010,5885
Ghana,2009,5772
Ghana,2008,5626
Ghana,2007,5511
Ghana,2006,5507
Ghana,2005,5567
Ghana,2004,5411
Ghana,2003,5320
Ghana,2002,5247
Ghana,2001,5095
Ghana,2000,4977
Greece,2019,870
Greece,2018,871
Greece,2017,910
Greece,2016,1026
Greece,2015,988
Greece,2014,994
Greece,2013,1109
Greece,2012,1213
Greece,2011,1327
Greece,2010,1428
Greece,2009,1636
Greece,2008,1712
Greece,2007,1795
Greece,2006,1793
Greece,2005,1860
Greece,2004,1965
Greece,2003,1773
Greece,2002,1832
Greece,2001,2031
Greece,2000,2200
Grenada,2019,9
Grenada,2018,9
Grenada,2017,8
Grenada,2016,10
Grenada,2015,9
Grenada,2014,5
Grenada,2013,9
Grenada,2012,4
Grenada,2011,9
Grenada,2010,6
Grenada,2009,4
Grenada,2008,12
Grenada,2007,8
Grenada,2006,16
Grenada,2005,13
Grenada,2004,2
Grenada,2003,2
Grenada,2002,8
Grenada,2001,7
Grenada,2000,5
Guatemala,2019,4026
Guatemala,2018,3512
Guatemala,2017,3063
Guatemala,2016,2758
Guatemala,2015,2275
Guatemala,2014,2044
Guatemala,2013,2038
Guatemala,2012,1757
Guatemala,2011,1639
Guatemala,2010,1958
Guatemala,2009,2243
Guatemala,2008,2329
Guatemala,2007,2752
Guatemala,2006,618
Guatemala,2005,573
Guatemala,2004,634
Guatemala,2003,610
Guatemala,2002,589
Guatemala,2001,670
Guatemala,2000,798
Guinea,2019,3788
Guinea,2018,3690
Guinea,2017,3595
Guinea,2016,3490
Guinea,2015,3423
Guinea,2014,3324
Guinea,2013,3214
Guinea,2012,3134
Guinea,2011,3192
Guinea,2010,3160
Guinea,2009,3050
Guinea,2008,2990
Guinea,2007,2958
Guinea,2006,2856
Guinea,2005,2795
Guinea,2004,2729
Guinea,2003,2655
Guinea,2002,2592
Guinea,2001,2583
Guinea,2000,2562
Guinea-Bissau,2019,619
Guinea-Bissau,2018,602
Guinea-Bissau,2017,586
Guinea-Bissau,2016,565
Guinea-Bissau,2015,557
Guinea-Bissau,2014,545
Guinea-Bissau,2013,519
Guinea-Bissau,2012,499
Guinea-Bissau,2011,487
Guinea-Bissau,2010,479
Guinea-Bissau,2009,464
Guinea-Bissau,2008,450
Guinea-Bissau,2007,445
Guinea-Bissau,2006,432
Guinea-Bissau,2005,423
Guinea-Bissau,2004,414
Guinea-Bissau,2003,405
Guinea-Bissau,2002,384
Guinea-Bissau,2001,373
Guinea-Bissau,2000,368
Guyana,2019,175
Guyana,2018,176
Guyana,2017,176
Guyana,2016,190
Guyana,2015,187
Guyana,2014,217
Guyana,2013,150
Guyana,2012,155
Guyana,2011,196
Guyana,2010,135
Guyana,2009,117
Guyana,2008,172
Guyana,2007,266
Guyana,2006,248
Guyana,2005,213
Guyana,2004,217
Guyana,2003,209
Guyana,2002,179
Guyana,2001,181
Guyana,2000,196
Haiti,2019,2115
Haiti,2018,2068
Haiti,2017,2023
Haiti,2016,1980
Haiti,2015,1924
Haiti,2014,1884
Haiti,2013,1836
Haiti,2012,1833
Haiti,2011,1884
Haiti,2010,1864
Haiti,2009,1788
Haiti,2008,1778
Haiti,2007,1759
Haiti,2006,1742
Haiti,2005,1704
Haiti,2004,1709
Haiti,2003,1720
Haiti,2002,1658
Haiti,2001,1610
Haiti,2000,1478
Honduras,2019,1572
Honduras,2018,1546
Honduras,2017,1527
Honduras,2016,1517
Honduras,2015,1461
Honduras,2014,1446
Honduras,2013,1445
Honduras,2012,1412
Honduras,2011,1384
Honduras,2010,1362
Honduras,2009,1329
Honduras,2008,1282
Honduras,2007,1224
Honduras,2006,1207
Honduras,2005,1182
Honduras,2004,1161
Honduras,2003,1132
Honduras,2002,1105
Honduras,2001,1048
Honduras,2000,1015
Hungary,2019,750
Hungary,2018,789
Hungary,2017,778
Hungary,2016,756
Hungary,2015,767
Hungary,2014,783
Hungary,2013,767
Hungary,2012,812
Hungary,2011,843
Hungary,2010,914
Hungary,2009,1039
Hungary,2008,1227
Hungary,2007,1474
Hungary,2006,1539
Hungary,2005,1492
Hungary,2004,1533
Hungary,2003,1533
Hungary,2002,1642
Hungary,2001,1380
Hungary,2000,1293
Iceland,2019,7
Iceland,2018,23
Iceland,2017,19
Iceland,2016,22
Iceland,2015,16
Iceland,2014,6
Iceland,2013,16
Iceland,2012,11
Iceland,2011,14
Iceland,2010,8
Iceland,2009,18
Iceland,2008,14
Iceland,2007,15
Iceland,2006,32
Iceland,2005,20
Iceland,2004,24
Iceland,2003,24
Iceland,2002,30
Iceland,2001,27
Iceland,2000,33
India,2019,212596
India,2018,210086
India,2017,202927
India,2016,202999
India,2015,204523
India,2014,208670
India,2013,217778
India,2012,222797
India,2011,217929
India,2010,212091
India,2009,207613
India,2008,205913
India,2007,197124
India,2006,189903
India,2005,182346
India,2004,176179
India,2003,175576
India,2002,178686
India,2001,178818
India,2000,178132
Indonesia,2019,30668
Indonesia,2018,31012
Indonesia,2017,31347
Indonesia,2016,31766
Indonesia,2015,31718
Indonesia,2014,32511
Indonesia,2013,32488
Indonesia,2012,32415
Indonesia,2011,33730
Indonesia,2010,33035
Indonesia,2009,33175
Indonesia,2008,31900
Indonesia,2007,31754
Indonesia,2006,32467
Indonesia,2005,32359
Indonesia,2004,32129
Indonesia,2003,31928
Indonesia,2002,32094
Indonesia,2001,31348
Indonesia,2000,30615
Iran (Islamic Republic of),2019,17803
Iran (Islamic Republic of),2018,17716
Iran (Islamic Republic of),2017,16703
Iran (Islamic Republic of),2016,16426
Iran (Islamic Republic of),2015,17098
Iran (Islamic Republic of),2014,17395
Iran (Islamic Republic of),2013,18552
Iran (Islamic Republic of),2012,19681
Iran (Islamic Republic of),2011,20690
Iran (Islamic Republic of),2010,23970
Iran (Islamic Republic of),2009,23686
Iran (Islamic Republic of),2008,24086
Iran (Islamic Republic of),2007,23628
Iran (Islamic Republic of),2006,28422
Iran (Islamic Republic of),2005,28606
Iran (Islamic Republic of),2004,26898
Iran (Islamic Republic of),2003,26519
Iran (Islamic Republic of),2002,22551
Iran (Islamic Republic of),2001,20339
Iran (Islamic Republic of),2000,17588
Iraq,2019,10726
Iraq,2018,10423
Iraq,2017,7671
Iraq,2016,7468
Iraq,2015,7278
Iraq,2014,7060
Iraq,2013,5977
Iraq,2012,5996
Iraq,2011,5672
Iraq,2010,6206
Iraq,2009,6083
Iraq,2008,5982
Iraq,2007,5648
Iraq,2006,5384
Iraq,2005,5203
Iraq,2004,5541
Iraq,2003,5644
Iraq,2002,5210
Iraq,2001,4995
Iraq,2000,4870
Ireland,2019,153
Ireland,2018,146
Ireland,2017,162
Ireland,2016,194
Ireland,2015,167
Ireland,2014,199
Ireland,2013,194
Ireland,2012,168
Ireland,2011,192
Ireland,2010,219
Ireland,2009,268
Ireland,2008,288
Ireland,2007,348
Ireland,2006,376
Ireland,2005,412
Ireland,2004,389
Ireland,2003,347
Ireland,2002,390
Ireland,2001,425
Ireland,2000,431
Israel,2019,333
Israel,2018,285
Israel,2017,331
Israel,2016,345
Israel,2015,332
Israel,2014,279
Israel,2013,286
Israel,2012,271
Israel,2011,352
Israel,2010,363
Israel,2009,320
Israel,2008,416
Israel,2007,394
Israel,2006,427
Israel,2005,462
Israel,2004,495
Israel,2003,465
Israel,2002,536
Israel,2001,559
Israel,2000,475
Italy,2019,3221
Italy,2018,3384
Italy,2017,3429
Italy,2016,3333
Italy,2015,3559
Italy,2014,3529
Italy,2013,3506
Italy,2012,3902
Italy,2011,4276
Italy,2010,4343
Italy,2009,4747
Italy,2008,5229
Italy,2007,5685
Italy,2006,6007
Italy,2005,5998
Italy,2004,6312
Italy,2003,6766
Italy,2002,7626
Italy,2001,7922
Italy,2000,7898
Jamaica,2019,444
Jamaica,2018,419
Jamaica,2017,394
Jamaica,2016,381
Jamaica,2015,384
Jamaica,2014,331
Jamaica,2013,306
Jamaica,2012,259
Jamaica,2011,365
Jamaica,2010,320
Jamaica,2009,355
Jamaica,2008,344
Jamaica,2007,350
Jamaica,2006,388
Jamaica,2005,339
Jamaica,2004,338
Jamaica,2003,369
Jamaica,2002,390
Jamaica,2001,360
Jamaica,2000,332
Japan,2019,4566
Japan,2018,4648
Japan,2017,4944
Japan,2016,5224
Japan,2015,5395
Japan,2014,5417
Japan,2013,5781
Japan,2012,6117
Japan,2011,6381
Japan,2010,6844
Japan,2009,6888
Japan,2008,7101
Japan,2007,7945
Japan,2006,10981
Japan,2005,12040
Japan,2004,12930
Japan,2003,13526
Japan,2002,14504
Japan,2001,15414
Japan,2000,15911
Jordan,2019,1717
Jordan,2018,1757
Jordan,2017,2106
Jordan,2016,2306
Jordan,2015,2220
Jordan,2014,2133
Jordan,2013,2033
Jordan,2012,1916
Jordan,2011,1942
Jordan,2010,1630
Jordan,2009,1535
Jordan,2008,1437
Jordan,2007,1386
Jordan,2006,1336
Jordan,2005,1302
Jordan,2004,1270
Jordan,2003,1242
Jordan,2002,1245
Jordan,2001,1215
Jordan,2000,1190
Kazakhstan,2019,2352
Kazakhstan,2018,2522
Kazakhstan,2017,2510
Kazakhstan,2016,3158
Kazakhstan,2015,3231
Kazakhstan,2014,3338
Kazakhstan,2013,3875
Kazakhstan,2012,3953
Kazakhstan,2011,3961
Kazakhstan,2010,4217
Kazakhstan,2009,4099
Kazakhstan,2008,4637
Kazakhstan,2007,6209
Kazakhstan,2006,6188
Kazakhstan,2005,4793
Kazakhstan,2004,3876
Kazakhstan,2003,2839
Kazakhstan,2002,2485
Kazakhstan,2001,2421
Kazakhstan,2000,2119
Kenya,2019,14883
Kenya,2018,14387
Kenya,2017,13904
Kenya,2016,13463
Kenya,2015,13071
Kenya,2014,12440
Kenya,2013,12031
Kenya,2012,11783
Kenya,2011,11102
Kenya,2010,10793
Kenya,2009,10655
Kenya,2008,10311
Kenya,2007,9967
Kenya,2006,9717
Kenya,2005,9621
Kenya,2004,9229
Kenya,2003,9071
Kenya,2002,8953
Kenya,2001,8695
Kenya,2000,8452
Kiribati,2019,2
Kiribati,2018,2
Kiribati,2017,3
Kiribati,2016,5
Kiribati,2015,4
Kiribati,2014,5
Kiribati,2013,1
Kiribati,2012,6
Kiribati,2011,2
Kiribati,2010,6
Kiribati,2009,5
Kiribati,2008,2
Kiribati,2007,6
Kiribati,2006,17
Kiribati,2005,10
Kiribati,2004,17
Kiribati,2003,17
Kiribati,2002,7
Kiribati,2001,6
Kiribati,2000,7
Kuwait,2019,649
Kuwait,2018,672
Kuwait,2017,693
Kuwait,2016,715
Kuwait,2015,723
Kuwait,2014,703
Kuwait,2013,761
Kuwait,2012,828
Kuwait,2011,701
Kuwait,2010,601
Kuwait,2009,722
Kuwait,2008,756
Kuwait,2007,739
Kuwait,2006,689
Kuwait,2005,669
Kuwait,2004,560
Kuwait,2003,562
Kuwait,2002,503
Kuwait,2001,497
Kuwait,2000,534
Kyrgyzstan,2019,812
Kyrgyzstan,2018,808
Kyrgyzstan,2017,1023
Kyrgyzstan,2016,916
Kyrgyzstan,2015,1042
Kyrgyzstan,2014,1011
Kyrgyzstan,2013,1156
Kyrgyzstan,2012,1074
Kyrgyzstan,2011,1065
Kyrgyzstan,2010,977
Kyrgyzstan,2009,1061
Kyrgyzstan,2008,1146
Kyrgyzstan,2007,1128
Kyrgyzstan,2006,1051
Kyrgyzstan,2005,893
Kyrgyzstan,2004,943
Kyrgyzstan,2003,897
Kyrgyzstan,2002,731
Kyrgyzstan,2001,703
Kyrgyzstan,2000,611
Lao People's Democratic Republic,2019,1281
Lao People's Democratic Republic,2018,1223
Lao People's Democratic Republic,2017,1167
Lao People's Democratic Republic,2016,1120
Lao People's Democratic Republic,2015,1026
Lao People's Democratic Republic,2014,1087
Lao People's Democratic Republic,2013,938
Lao People's Democratic Republic,2012,916
Lao People's Democratic Republic,2011,890
Lao People's Democratic Republic,2010,894
Lao People's Democratic Republic,2009,874
Lao People's Democratic Republic,2008,853
Lao People's Democratic Republic,2007,842
Lao People's Democratic Republic,2006,814
Lao People's Democratic Republic,2005,804
Lao People's Democratic Republic,2004,784
Lao People's Democratic Republic,2003,766
Lao People's Democratic Republic,2002,749
Lao People's Democratic Republic,2001,724
Lao People's Democratic Republic,2000,733
Latvia,2019,154
Latvia,2018,175
Latvia,2017,158
Latvia,2016,184
Latvia,2015,223
Latvia,2014,250
Latvia,2013,202
Latvia,2012,208
Latvia,2011,188
Latvia,2010,251
Latvia,2009,263
Latvia,2008,402
Latvia,2007,442
Latvia,2006,445
Latvia,2005,481
Latvia,2004,536
Latvia,2003,568
Latvia,2002,601
Latvia,2001,610
Latvia,2000,695
Lebanon,2019,1127
Lebanon,2018,1117
Lebanon,2017,1114
Lebanon,2016,1090
Lebanon,2015,1058
Lebanon,2014,1008
Lebanon,2013,943
Lebanon,2012,879
Lebanon,2011,772
Lebanon,2010,724
Lebanon,2009,711
Lebanon,2008,706
Lebanon,2007,711
Lebanon,2006,780
Lebanon,2005,799
Lebanon,2004,801
Lebanon,2003,793
Lebanon,2002,767
Lebanon,2001,749
Lebanon,2000,737
Lesotho,2019,678
Lesotho,2018,667
Lesotho,2017,890
Lesotho,2016,639
Lesotho,2015,621
Lesotho,2014,603
Lesotho,2013,584
Lesotho,2012,575
Lesotho,2011,550
Lesotho,2010,552
Lesotho,2009,552
Lesotho,2008,549
Lesotho,2007,553
Lesotho,2006,553
Lesotho,2005,550
Lesotho,2004,546
Lesotho,2003,567
Lesotho,2002,567
Lesotho,2001,553
Lesotho,2000,549
Liberia,2019,1920
Liberia,2018,1828
Liberia,2017,1740
Liberia,2016,1657
Liberia,2015,1574
Liberia,2014,1517
Liberia,2013,1450
Liberia,2012,1405
Liberia,2011,1322
Liberia,2010,1288
Liberia,2009,1254
Liberia,2008,1222
Liberia,2007,1163
Liberia,2006,1155
Liberia,2005,1175
Liberia,2004,1171
Liberia,2003,1154
Liberia,2002,1052
Liberia,2001,1046
Liberia,2000,1011
Libya,2019,1444
Libya,2018,1247
Libya,2017,1403
Libya,2016,1635
Libya,2015,1558
Libya,2014,1503
Libya,2013,1455
Libya,2012,1399
Libya,2011,1639
Libya,2010,1363
Libya,2009,1343
Libya,2008,1276
Libya,2007,1265
Libya,2006,1254
Libya,2005,1222
Libya,2004,1212
Libya,2003,1187
Libya,2002,1188
Libya,2001,1150
Libya,2000,1104
Lithuania,2019,225
Lithuania,2018,210
Lithuania,2017,233
Lithuania,2016,234
Lithuania,2015,307
Lithuania,2014,333
Lithuania,2013,292
Lithuania,2012,394
Lithuania,2011,363
Lithuania,2010,377
Lithuania,2009,430
Lithuania,2008,587
Lithuania,2007,867
Lithuania,2006,881
Lithuania,2005,855
Lithuania,2004,798
Lithuania,2003,804
Lithuania,2002,783
Lithuania,2001,765
Lithuania,2000,798
Luxembourg,2019,25
Luxembourg,2018,40
Luxembourg,2017,28
Luxembourg,2016,36
Luxembourg,2015,37
Luxembourg,2014,36
Luxembourg,2013,45
Luxembourg,2012,34
Luxembourg,2011,34
Luxembourg,2010,33
Luxembourg,2009,49
Luxembourg,2008,36
Luxembourg,2007,46
Luxembourg,2006,44
Luxembourg,2005,48
Luxembourg,2004,52
Luxembourg,2003,55
Luxembourg,2002,64
Luxembourg,2001,72
Luxembourg,2000,78
Madagascar,2019,7880
Madagascar,2018,7625
Madagascar,2017,7366
Madagascar,2016,7108
Madagascar,2015,6868
Madagascar,2014,6630
Madagascar,2013,6367
Madagascar,2012,6115
Madagascar,2011,5862
Madagascar,2010,5652
Madagascar,2009,5401
Madagascar,2008,5096
Madagascar,2007,4968
Madagascar,2006,4860
Madagascar,2005,4741
Madagascar,2004,4701
Madagascar,2003,4569
Madagascar,2002,4487
Madagascar,2001,4242
Madagascar,2000,4198
Malawi,2019,6221
Malawi,2018,6009
Malawi,2017,5804
Malawi,2016,5601
Malawi,2015,5421
Malawi,2014,5232
Malawi,2013,5041
Malawi,2012,4854
Malawi,2011,4521
Malawi,2010,4448
Malawi,2009,4360
Malawi,2008,4300
Malawi,2007,4238
Malawi,2006,4204
Malawi,2005,4158
Malawi,2004,4050
Malawi,2003,3917
Malawi,2002,3893
Malawi,2001,3700
Malawi,2000,3480
Malaysia,2019,7181
Malaysia,2018,7153
Malaysia,2017,7123
Malaysia,2016,7374
Malaysia,2015,6914
Malaysia,2014,6881
Malaysia,2013,7129
Malaysia,2012,7131
Malaysia,2011,7090
Malaysia,2010,7085
Malaysia,2009,6954
Malaysia,2008,6729
Malaysia,2007,6477
Malaysia,2006,6482
Malaysia,2005,6392
Malaysia,2004,6421
Malaysia,2003,6481
Malaysia,2002,6074
Malaysia,2001,6030
Malaysia,2000,6222
Maldives,2019,9
Maldives,2018,9
Maldives,2017,9
Maldives,2016,4
Maldives,2015,12
Maldives,2014,11
Maldives,2013,12
Maldives,2012,5
Maldives,2011,9
Maldives,2010,11
Maldives,2009,9
Maldives,2008,7
Maldives,2007,12
Maldives,2006,8
Maldives,2005,16
Maldives,2004,5
Maldives,2003,2
Maldives,2002,6
Maldives,2001,2
Maldives,2000,5
Mali,2019,4465
Mali,2018,4359
Mali,2017,4256
Mali,2016,4159
Mali,2015,4054
Mali,2014,3966
Mali,2013,3893
Mali,2012,3784
Mali,2011,3728
Mali,2010,3643
Mali,2009,3533
Mali,2008,3382
Mali,2007,3247
Mali,2006,3156
Mali,2005,3085
Mali,2004,3026
Mali,2003,2940
Mali,2002,2880
Mali,2001,2800
Mali,2000,2798
Malta,2019,18
Malta,2018,20
Malta,2017,21
Malta,2016,26
Malta,2015,12
Malta,2014,10
Malta,2013,20
Malta,2012,12
Malta,2011,20
Malta,2010,16
Malta,2009,22
Malta,2008,18
Malta,2007,16
Malta,2006,10
Malta,2005,17
Malta,2004,14
Malta,2003,18
Malta,2002,16
Malta,2001,19
Malta,2000,18
Mauritania,2019,1158
Mauritania,2018,1129
Mauritania,2017,1099
Mauritania,2016,1064
Mauritania,2015,1042
Mauritania,2014,1006
Mauritania,2013,972
Mauritania,2012,943
Mauritania,2011,940
Mauritania,2010,922
Mauritania,2009,889
Mauritania,2008,866
Mauritania,2007,822
Mauritania,2006,810
Mauritania,2005,800
Mauritania,2004,784
Mauritania,2003,738
Mauritania,2002,720
Mauritania,2001,700
Mauritania,2000,686
Mauritius,2019,155
Mauritius,2018,157
Mauritius,2017,159
Mauritius,2016,173
Mauritius,2015,174
Mauritius,2014,165
Mauritius,2013,153
Mauritius,2012,176
Mauritius,2011,188
Mauritius,2010,166
Mauritius,2009,150
Mauritius,2008,190
Mauritius,2007,157
Mauritius,2006,154
Mauritius,2005,142
Mauritius,2004,187
Mauritius,2003,186
Mauritius,2002,227
Mauritius,2001,167
Mauritius,2000,191
Mexico,2019,16303
Mexico,2018,16348
Mexico,2017,16395
Mexico,2016,16725
Mexico,2015,16574
Mexico,2014,16009
Mexico,2013,15856
Mexico,2012,17102
Mexico,2011,16615
Mexico,2010,16559
Mexico,2009,17820
Mexico,2008,17062
Mexico,2007,15349
Mexico,2006,16769
Mexico,2005,16579
Mexico,2004,15629
Mexico,2003,15444
Mexico,2002,14626
Mexico,2001,14016
Mexico,2000,14028
Micronesia (Federated States of),2019,0
Micronesia (Federated States of),2018,0
Micronesia (Federated States of),2017,0
Micronesia (Federated States of),2016,2
Micronesia (Federated States of),2015,1
Micronesia (Federated States of),2014,1
Micronesia (Federated States of),2013,2
Micronesia (Federated States of),2012,0
Micronesia (Federated States of),2011,0
Micronesia (Federated States of),2010,3
Micronesia (Federated States of),2009,4
Micronesia (Federated States of),2008,2
Micronesia (Federated States of),2007,3
Micronesia (Federated States of),2006,2
Micronesia (Federated States of),2005,0
Micronesia (Federated States of),2004,5
Micronesia (Federated States of),2003,16
Micronesia (Federated States of),2002,16
Micronesia (Federated States of),2001,16
Micronesia (Federated States of),2000,16
Mongolia,2019,679
Mongolia,2018,662
Mongolia,2017,646
Mongolia,2016,499
Mongolia,2015,583
Mongolia,2014,700
Mongolia,2013,597
Mongolia,2012,611
Mongolia,2011,563
Mongolia,2010,506
Mongolia,2009,469
Mongolia,2008,516
Mongolia,2007,579
Mongolia,2006,554
Mongolia,2005,549
Mongolia,2004,526
Mongolia,2003,391
Mongolia,2002,538
Mongolia,2001,385
Mongolia,2000,380
Montenegro,2019,48
Montenegro,2018,49
Montenegro,2017,65
Montenegro,2016,67
Montenegro,2015,53
Montenegro,2014,67
Montenegro,2013,76
Montenegro,2012,47
Montenegro,2011,60
Montenegro,2010,98
Montenegro,2009,103
Montenegro,2008,115
Montenegro,2007,126
Montenegro,2006,88
Montenegro,2005,98
Montenegro,2004,94
Montenegro,2003,87
Montenegro,2002,84
Montenegro,2001,108
Montenegro,2000,87
Morocco,2019,6185
Morocco,2018,6369
Morocco,2017,6811
Morocco,2016,6917
Morocco,2015,6841
Morocco,2014,6784
Morocco,2013,6770
Morocco,2012,6761
Morocco,2011,6848
Morocco,2010,7568
Morocco,2009,7554
Morocco,2008,7482
Morocco,2007,7411
Morocco,2006,7376
Morocco,2005,7301
Morocco,2004,7156
Morocco,2003,7165
Morocco,2002,7069
Morocco,2001,6937
Morocco,2000,6870
Mozambique,2019,9117
Mozambique,2018,8878
Mozambique,2017,8645
Mozambique,2016,8665
Mozambique,2015,8305
Mozambique,2014,8001
Mozambique,2013,7741
Mozambique,2012,7556
Mozambique,2011,7356
Mozambique,2010,7231
Mozambique,2009,7093
Mozambique,2008,6994
Mozambique,2007,6772
Mozambique,2006,6739
Mozambique,2005,6626
Mozambique,2004,6591
Mozambique,2003,6485
Mozambique,2002,6365
Mozambique,2001,6180
Mozambique,2000,6017
Myanmar,2019,11004
Myanmar,2018,10847
Myanmar,2017,10694
Myanmar,2016,10540
Myanmar,2015,10394
Myanmar,2014,10257
Myanmar,2013,10105
Myanmar,2012,10036
Myanmar,2011,9691
Myanmar,2010,9655
Myanmar,2009,9618
Myanmar,2008,9598
Myanmar,2007,9450
Myanmar,2006,9353
Myanmar,2005,9446
Myanmar,2004,9576
Myanmar,2003,9660
Myanmar,2002,9724
Myanmar,2001,9737
Myanmar,2000,9767
Namibia,2019,868
Namibia,2018,834
Namibia,2017,800
Namibia,2016,754
Namibia,2015,740
Namibia,2014,706
Namibia,2013,676
Namibia,2012,617
Namibia,2011,516
Namibia,2010,556
Namibia,2009,558
Namibia,2008,434
Namibia,2007,432
Namibia,2006,465
Namibia,2005,425
Namibia,2004,420
Namibia,2003,428
Namibia,2002,430
Namibia,2001,416
Namibia,2000,404
Nepal,2019,4654
Nepal,2018,4561
Nepal,2017,4476
Nepal,2016,4622
Nepal,2015,4404
Nepal,2014,4288
Nepal,2013,4238
Nepal,2012,4238
Nepal,2011,4347
Nepal,2010,4255
Nepal,2009,4226
Nepal,2008,4230
Nepal,2007,4212
Nepal,2006,4147
Nepal,2005,4124
Nepal,2004,4038
Nepal,2003,3865
Nepal,2002,3779
Nepal,2001,3726
Nepal,2000,3717
Netherlands,2019,681
Netherlands,2018,699
Netherlands,2017,632
Netherlands,2016,648
Netherlands,2015,640
Netherlands,2014,588
Netherlands,2013,588
Netherlands,2012,675
Netherlands,2011,681
Netherlands,2010,660
Netherlands,2009,742
Netherlands,2008,773
Netherlands,2007,816
Netherlands,2006,836
Netherlands,2005,842
Netherlands,2004,908
Netherlands,2003,1122
Netherlands,2002,1102
Netherlands,2001,1117
Netherlands,2000,1202
New Zealand,2019,458
New Zealand,2018,420
New Zealand,2017,421
New Zealand,2016,364
New Zealand,2015,356
New Zealand,2014,327
New Zealand,2013,279
New Zealand,2012,340
New Zealand,2011,323
New Zealand,2010,407
New Zealand,2009,415
New Zealand,2008,392
New Zealand,2007,443
New Zealand,2006,421
New Zealand,2005,424
New Zealand,2004,457
New Zealand,2003,491
New Zealand,2002,449
New Zealand,2001,469
New Zealand,2000,476
Nicaragua,2019,1109
Nicaragua,2018,1073
Nicaragua,2017,1038
Nicaragua,2016,1016
Nicaragua,2015,1004
Nicaragua,2014,993
Nicaragua,2013,830
Nicaragua,2012,910
Nicaragua,2011,846
Nicaragua,2010,843
Nicaragua,2009,829
Nicaragua,2008,813
Nicaragua,2007,807
Nicaragua,2006,891
Nicaragua,2005,877
Nicaragua,2004,851
Nicaragua,2003,847
Nicaragua,2002,827
Nicaragua,2001,825
Nicaragua,2000,828
Niger,2019,5946
Niger,2018,5758
Niger,2017,5575
Niger,2016,5414
Niger,2015,5215
Niger,2014,5017
Niger,2013,4824
Niger,2012,4659
Niger,2011,4679
Niger,2010,4489
Niger,2009,4324
Niger,2008,4146
Niger,2007,4012
Niger,2006,3905
Niger,2005,3752
Niger,2004,3663
Niger,2003,3542
Niger,2002,3449
Niger,2001,3302
Niger,2000,3222
Nigeria,2019,41693
Nigeria,2018,41008
Nigeria,2017,40325
Nigeria,2016,39802
Nigeria,2015,38749
Nigeria,2014,38703
Nigeria,2013,37831
Nigeria,2012,36948
Nigeria,2011,36572
Nigeria,2010,39757
Nigeria,2009,38996
Nigeria,2008,37759
Nigeria,2007,37853
Nigeria,2006,37662
Nigeria,2005,37445
Nigeria,2004,37400
Nigeria,2003,37774
Nigeria,2002,38361
Nigeria,2001,37094
Nigeria,2000,35748
Norway,2019,114
Norway,2018,114
Norway,2017,112
Norway,2016,143
Norway,2015,133
Norway,2014,155
Norway,2013,193
Norway,2012,151
Norway,2011,173
Norway,2010,214
Norway,2009,222
Norway,2008,263
Norway,2007,240
Norway,2006,250
Norway,2005,245
Norway,2004,289
Norway,2003,306
Norway,2002,336
Norway,2001,297
Norway,2000,362
Oman,2019,527
Oman,2018,657
Oman,2017,660
Oman,2016,713
Oman,2015,696
Oman,2014,841
Oman,2013,941
Oman,2012,1174
Oman,2011,1089
Oman,2010,845
Oman,2009,1020
Oman,2008,980
Oman,2007,823
Oman,2006,702
Oman,2005,710
Oman,2004,657
Oman,2003,596
Oman,2002,598
Oman,2001,514
Oman,2000,507
Pakistan,2019,28170
Pakistan,2018,27898
Pakistan,2017,27619
Pakistan,2016,27582
Pakistan,2015,26993
Pakistan,2014,26457
Pakistan,2013,26219
Pakistan,2012,25919
Pakistan,2011,27064
Pakistan,2010,26356
Pakistan,2009,25527
Pakistan,2008,24430
Pakistan,2007,23592
Pakistan,2006,23052
Pakistan,2005,23128
Pakistan,2004,22541
Pakistan,2003,21436
Pakistan,2002,21066
Pakistan,2001,20490
Pakistan,2000,19857
Panama,2019,591
Panama,2018,580
Panama,2017,551
Panama,2016,575
Panama,2015,565
Panama,2014,554
Panama,2013,494
Panama,2012,532
Panama,2011,519
Panama,2010,481
Panama,2009,485
Panama,2008,541
Panama,2007,506
Panama,2006,544
Panama,2005,459
Panama,2004,454
Panama,2003,495
Panama,2002,495
Panama,2001,477
Panama,2000,468
Papua New Guinea,2019,1105
Papua New Guinea,2018,1163
Papua New Guinea,2017,1173
Papua New Guinea,2016,1150
Papua New Guinea,2015,1142
Papua New Guinea,2014,1140
Papua New Guinea,2013,1269
Papua New Guinea,2012,1236
Papua New Guinea,2011,1258
Papua New Guinea,2010,1249
Papua New Guinea,2009,1255
Papua New Guinea,2008,1217
Papua New Guinea,2007,1194
Papua New Guinea,2006,1196
Papua New Guinea,2005,1172
Papua New Guinea,2004,1122
Papua New Guinea,2003,1096
Papua New Guinea,2002,1096
Papua New Guinea,2001,1043
Papua New Guinea,2000,1018
Paraguay,2019,1552
Paraguay,2018,1535
Paraguay,2017,1524
Paraguay,2016,1529
Paraguay,2015,1472
Paraguay,2014,1438
Paraguay,2013,1512
Paraguay,2012,1470
Paraguay,2011,1540
Paraguay,2010,1557
Paraguay,2009,1453
Paraguay,2008,1376
Paraguay,2007,1033
Paraguay,2006,996
Paraguay,2005,842
Paraguay,2004,692
Paraguay,2003,659
Paraguay,2002,490
Paraguay,2001,647
Paraguay,2000,502
Peru,2019,4414
Peru,2018,4384
Peru,2017,4349
Peru,2016,4286
Peru,2015,4221
Peru,2014,4078
Peru,2013,4167
Peru,2012,4300
Peru,2011,4732
Peru,2010,3827
Peru,2009,4346
Peru,2008,4675
Peru,2007,4703
Peru,2006,4665
Peru,2005,4425
Peru,2004,4242
Peru,2003,3827
Peru,2002,3925
Peru,2001,4299
Peru,2000,4178
Philippines,2019,13017
Philippines,2018,12689
Philippines,2017,12366
Philippines,2016,12690
Philippines,2015,12720
Philippines,2014,10972
Philippines,2013,10513
Philippines,2012,10509
Philippines,2011,10002
Philippines,2010,10796
Philippines,2009,9765
Philippines,2008,9130
Philippines,2007,9462
Philippines,2006,8636
Philippines,2005,8755
Philippines,2004,8567
Philippines,2003,8429
Philippines,2002,8269
Philippines,2001,7724
Philippines,2000,7679
Poland,2019,3555
Poland,2018,3497
Poland,2017,3460
Poland,2016,3698
Poland,2015,3551
Poland,2014,3947
Poland,2013,4107
Poland,2012,4236
Poland,2011,4915
Poland,2010,4594
Poland,2009,5093
Poland,2008,6353
Poland,2007,6285
Poland,2006,5786
Poland,2005,6140
Poland,2004,6486
Poland,2003,6341
Poland,2002,6623
Poland,2001,6404
Poland,2000,7170
Portugal,2019,838
Portugal,2018,922
Portugal,2017,822
Portugal,2016,768
Portugal,2015,856
Portugal,2014,883
Portugal,2013,828
Portugal,2012,837
Portugal,2011,1141
Portugal,2010,1188
Portugal,2009,1270
Portugal,2008,1281
Portugal,2007,1380
Portugal,2006,1695
Portugal,2005,1858
Portugal,2004,1997
Portugal,2003,2022
Portugal,2002,2207
Portugal,2001,2224
Portugal,2000,1994
Qatar,2019,206
Qatar,2018,225
Qatar,2017,236
Qatar,2016,239
Qatar,2015,285
Qatar,2014,330
Qatar,2013,332
Qatar,2012,279
Qatar,2011,271
Qatar,2010,296
Qatar,2009,300
Qatar,2008,327
Qatar,2007,290
Qatar,2006,364
Qatar,2005,275
Qatar,2004,222
Qatar,2003,222
Qatar,2002,203
Qatar,2001,171
Qatar,2000,185
Republic of Korea,2019,4399
Republic of Korea,2018,4396
Republic of Korea,2017,4866
Republic of Korea,2016,4990
Republic of Korea,2015,5396
Republic of Korea,2014,5502
Republic of Korea,2013,5930
Republic of Korea,2012,6360
Republic of Korea,2011,6372
Republic of Korea,2010,6793
Republic of Korea,2009,7263
Republic of Korea,2008,7369
Republic of Korea,2007,7527
Republic of Korea,2006,7771
Republic of Korea,2005,7840
Republic of Korea,2004,8066
Republic of Korea,2003,9075
Republic of Korea,2002,8905
Republic of Korea,2001,9998
Republic of Korea,2000,12141
Republic of Moldova,2019,293
Republic of Moldova,2018,311
Republic of Moldova,2017,343
Republic of Moldova,2016,394
Republic of Moldova,2015,422
Republic of Moldova,2014,459
Republic of Moldova,2013,439
Republic of Moldova,2012,564
Republic of Moldova,2011,556
Republic of Moldova,2010,538
Republic of Moldova,2009,565
Republic of Moldova,2008,670
Republic of Moldova,2007,704
Republic of Moldova,2006,615
Republic of Moldova,2005,644
Republic of Moldova,2004,695
Republic of Moldova,2003,665
Republic of Moldova,2002,650
Republic of Moldova,2001,662
Republic of Moldova,2000,571
North Macedonia,2019,107
North Macedonia,2018,108
North Macedonia,2017,126
North Macedonia,2016,134
North Macedonia,2015,153
North Macedonia,2014,134
North Macedonia,2013,204
North Macedonia,2012,136
North Macedonia,2011,177
North Macedonia,2010,167
North Macedonia,2009,165
North Macedonia,2008,167
North Macedonia,2007,178
North Macedonia,2006,144
North Macedonia,2005,147
North Macedonia,2004,160
North Macedonia,2003,131
North Macedonia,2002,181
North Macedonia,2001,110
North Macedonia,2000,167
Romania,2019,1992
Romania,2018,1995
Romania,2017,2084
Romania,2016,2044
Romania,2015,1993
Romania,2014,1996
Romania,2013,1962
Romania,2012,2105
Romania,2011,2118
Romania,2010,2451
Romania,2009,2884
Romania,2008,3233
Romania,2007,3019
Romania,2006,2811
Romania,2005,2855
Romania,2004,2651
Romania,2003,2563
Romania,2002,2536
Romania,2001,2864
Romania,2000,2753
Russian Federation,2019,17507
Russian Federation,2018,18779
Russian Federation,2017,19680
Russian Federation,2016,20938
Russian Federation,2015,25364
Russian Federation,2014,29436
Russian Federation,2013,29832
Russian Federation,2012,30829
Russian Federation,2011,30252
Russian Federation,2010,29443
Russian Federation,2009,31040
Russian Federation,2008,36517
Russian Federation,2007,40351
Russian Federation,2006,39426
Russian Federation,2005,41410
Russian Federation,2004,43098
Russian Federation,2003,44771
Russian Federation,2002,43045
Russian Federation,2001,41984
Russian Federation,2000,40792
Rwanda,2019,3718
Rwanda,2018,3679
Rwanda,2017,3639
Rwanda,2016,3535
Rwanda,2015,3435
Rwanda,2014,3313
Rwanda,2013,3500
Rwanda,2012,3607
Rwanda,2011,3500
Rwanda,2010,3414
Rwanda,2009,3340
Rwanda,2008,3205
Rwanda,2007,3215
Rwanda,2006,3213
Rwanda,2005,3274
Rwanda,2004,3188
Rwanda,2003,3155
Rwanda,2002,3133
Rwanda,2001,2994
Rwanda,2000,3012
Saint Lucia,2019,55
Saint Lucia,2018,49
Saint Lucia,2017,43
Saint Lucia,2016,63
Saint Lucia,2015,34
Saint Lucia,2014,23
Saint Lucia,2013,32
Saint Lucia,2012,16
Saint Lucia,2011,43
Saint Lucia,2010,17
Saint Lucia,2009,32
Saint Lucia,2008,6
Saint Lucia,2007,28
Saint Lucia,2006,10
Saint Lucia,2005,22
Saint Lucia,2004,33
Saint Lucia,2003,28
Saint Lucia,2002,38
Saint Lucia,2001,25
Saint Lucia,2000,31
Saint Vincent and the Grenadines,2019,8
Saint Vincent and the Grenadines,2018,8
Saint Vincent and the Grenadines,2017,8
Saint Vincent and the Grenadines,2016,7
Saint Vincent and the Grenadines,2015,7
Saint Vincent and the Grenadines,2014,7
Saint Vincent and the Grenadines,2013,9
Saint Vincent and the Grenadines,2012,6
Saint Vincent and the Grenadines,2011,4
Saint Vincent and the Grenadines,2010,4
Saint Vincent and the Grenadines,2009,8
Saint Vincent and the Grenadines,2008,6
Saint Vincent and the Grenadines,2007,9
Saint Vincent and the Grenadines,2006,14
Saint Vincent and the Grenadines,2005,9
Saint Vincent and the Grenadines,2004,8
Saint Vincent and the Grenadines,2003,11
Saint Vincent and the Grenadines,2002,5
Saint Vincent and the Grenadines,2001,6
Saint Vincent and the Grenadines,2000,5
Samoa,2019,26
Samoa,2018,25
Samoa,2017,25
Samoa,2016,22
Samoa,2015,22
Samoa,2014,22
Samoa,2013,35
Samoa,2012,24
Samoa,2011,24
Samoa,2010,24
Samoa,2009,55
Samoa,2008,24
Samoa,2007,23
Samoa,2006,23
Samoa,2005,23
Samoa,2004,27
Samoa,2003,24
Samoa,2002,24
Samoa,2001,24
Samoa,2000,26
Sao Tome and Principe,2019,60
Sao Tome and Principe,2018,58
Sao Tome and Principe,2017,57
Sao Tome and Principe,2016,55
Sao Tome and Principe,2015,54
Sao Tome and Principe,2014,52
Sao Tome and Principe,2013,51
Sao Tome and Principe,2012,49
Sao Tome and Principe,2011,48
Sao Tome and Principe,2010,48
Sao Tome and Principe,2009,46
Sao Tome and Principe,2008,45
Sao Tome and Principe,2007,45
Sao Tome and Principe,2006,45
Sao Tome and Principe,2005,45
Sao Tome and Principe,2004,44
Sao Tome and Principe,2003,21
Sao Tome and Principe,2002,21
Sao Tome and Principe,2001,15
Sao Tome and Principe,2000,18
Saudi Arabia,2019,12317
Saudi Arabia,2018,11185
Saudi Arabia,2017,10142
Saudi Arabia,2016,9311
Saudi Arabia,2015,8313
Saudi Arabia,2014,7718
Saudi Arabia,2013,7898
Saudi Arabia,2012,7875
Saudi Arabia,2011,7375
Saudi Arabia,2010,6800
Saudi Arabia,2009,6332
Saudi Arabia,2008,6658
Saudi Arabia,2007,6555
Saudi Arabia,2006,6065
Saudi Arabia,2005,6167
Saudi Arabia,2004,5328
Saudi Arabia,2003,3980
Saudi Arabia,2002,3760
Saudi Arabia,2001,3627
Saudi Arabia,2000,3524
Senegal,2019,3832
Senegal,2018,3751
Senegal,2017,3670
Senegal,2016,3609
Senegal,2015,3508
Senegal,2014,3422
Senegal,2013,3389
Senegal,2012,3308
Senegal,2011,3345
Senegal,2010,3270
Senegal,2009,3145
Senegal,2008,3049
Senegal,2007,2975
Senegal,2006,2884
Senegal,2005,2747
Senegal,2004,2691
Senegal,2003,2652
Senegal,2002,2538
Senegal,2001,2468
Senegal,2000,2431
Serbia,2019,655
Serbia,2018,657
Serbia,2017,756
Serbia,2016,652
Serbia,2015,598
Serbia,2014,663
Serbia,2013,751
Serbia,2012,799
Serbia,2011,867
Serbia,2010,805
Serbia,2009,964
Serbia,2008,1064
Serbia,2007,1147
Serbia,2006,1048
Serbia,2005,920
Serbia,2004,841
Serbia,2003,748
Serbia,2002,879
Serbia,2001,1298
Serbia,2000,1030
Seychelles,2019,11
Seychelles,2018,11
Seychelles,2017,11
Seychelles,2016,15
Seychelles,2015,13
Seychelles,2014,12
Seychelles,2013,8
Seychelles,2012,10
Seychelles,2011,11
Seychelles,2010,13
Seychelles,2009,9
Seychelles,2008,6
Seychelles,2007,16
Seychelles,2006,11
Seychelles,2005,9
Seychelles,2004,8
Seychelles,2003,15
Seychelles,2002,16
Seychelles,2001,10
Seychelles,2000,11
Sierra Leone,2019,2581
Sierra Leone,2018,2462
Sierra Leone,2017,2347
Sierra Leone,2016,2237
Sierra Leone,2015,2177
Sierra Leone,2014,2015
Sierra Leone,2013,1952
Sierra Leone,2012,1964
Sierra Leone,2011,1969
Sierra Leone,2010,1924
Sierra Leone,2009,1911
Sierra Leone,2008,1868
Sierra Leone,2007,1837
Sierra Leone,2006,1821
Sierra Leone,2005,1781
Sierra Leone,2004,1698
Sierra Leone,2003,1629
Sierra Leone,2002,1553
Sierra Leone,2001,1537
Sierra Leone,2000,1432
Singapore,2019,121
Singapore,2018,131
Singapore,2017,142
Singapore,2016,155
Singapore,2015,167
Singapore,2014,174
Singapore,2013,173
Singapore,2012,188
Singapore,2011,242
Singapore,2010,261
Singapore,2009,219
Singapore,2008,277
Singapore,2007,276
Singapore,2006,233
Singapore,2005,214
Singapore,2004,261
Singapore,2003,288
Singapore,2002,261
Singapore,2001,238
Singapore,2000,262
Slovakia,2019,331
Slovakia,2018,335
Slovakia,2017,339
Slovakia,2016,344
Slovakia,2015,347
Slovakia,2014,356
Slovakia,2013,284
Slovakia,2012,428
Slovakia,2011,473
Slovakia,2010,484
Slovakia,2009,517
Slovakia,2008,780
Slovakia,2007,674
Slovakia,2006,752
Slovakia,2005,739
Slovakia,2004,780
Slovakia,2003,825
Slovakia,2002,771
Slovakia,2001,815
Slovakia,2000,816
Slovenia,2019,105
Slovenia,2018,94
Slovenia,2017,107
Slovenia,2016,134
Slovenia,2015,125
Slovenia,2014,113
Slovenia,2013,129
Slovenia,2012,136
Slovenia,2011,145
Slovenia,2010,147
Slovenia,2009,182
Slovenia,2008,224
Slovenia,2007,314
Slovenia,2006,275
Slovenia,2005,269
Slovenia,2004,286
Slovenia,2003,258
Slovenia,2002,281
Slovenia,2001,298
Slovenia,2000,325
Solomon Islands,2019,111
Solomon Islands,2018,109
Solomon Islands,2017,106
Solomon Islands,2016,104
Solomon Islands,2015,102
Solomon Islands,2014,99
Solomon Islands,2013,98
Solomon Islands,2012,95
Solomon Islands,2011,94
Solomon Islands,2010,94
Solomon Islands,2009,92
Solomon Islands,2008,88
Solomon Islands,2007,87
Solomon Islands,2006,85
Solomon Islands,2005,82
Solomon Islands,2004,84
Solomon Islands,2003,84
Solomon Islands,2002,83
Solomon Islands,2001,78
Solomon Islands,2000,73
Somalia,2019,4231
Somalia,2018,4111
Somalia,2017,3994
Somalia,2016,3884
Somalia,2015,3749
Somalia,2014,3654
Somalia,2013,3525
Somalia,2012,3442
Somalia,2011,3434
Somalia,2010,3334
Somalia,2009,3217
Somalia,2008,3144
Somalia,2007,3014
Somalia,2006,2954
Somalia,2005,2857
Somalia,2004,2804
Somalia,2003,2672
Somalia,2002,2484
Somalia,2001,2480
Somalia,2000,2453
South Africa,2019,13014
South Africa,2018,13118
South Africa,2017,13212
South Africa,2016,14507
South Africa,2015,13345
South Africa,2014,13096
South Africa,2013,12256
South Africa,2012,13979
South Africa,2011,14452
South Africa,2010,14669
South Africa,2009,14459
South Africa,2008,14682
South Africa,2007,15934
South Africa,2006,19913
South Africa,2005,18219
South Africa,2004,19516
South Africa,2003,20280
South Africa,2002,18435
South Africa,2001,17471
South Africa,2000,19780
South Sudan,2019,4063
South Sudan,2018,3924
South Sudan,2017,3785
South Sudan,2016,3661
South Sudan,2015,3543
South Sudan,2014,3364
South Sudan,2013,3228
South Sudan,2012,3132
South Sudan,2011,2692
South Sudan,2010,2407
South Sudan,2009,2194
South Sudan,2008,2010
South Sudan,2007,1798
South Sudan,2006,1678
South Sudan,2005,1573
South Sudan,2004,1477
South Sudan,2003,1384
South Sudan,2002,1316
South Sudan,2001,1252
South Sudan,2000,1193
Spain,2019,1829
Spain,2018,1918
Spain,2017,1944
Spain,2016,1922
Spain,2015,1973
Spain,2014,1965
Spain,2013,1889
Spain,2012,2002
Spain,2011,2212
Spain,2010,2555
Spain,2009,2798
Spain,2008,3196
Spain,2007,3952
Spain,2006,4286
Spain,2005,4666
Spain,2004,5056
Spain,2003,5709
Spain,2002,5701
Spain,2001,5934
Spain,2000,6295
Sri Lanka,2019,4200
Sri Lanka,2018,3798
Sri Lanka,2017,3434
Sri Lanka,2016,3096
Sri Lanka,2015,2904
Sri Lanka,2014,2516
Sri Lanka,2013,2610
Sri Lanka,2012,2643
Sri Lanka,2011,2885
Sri Lanka,2010,2875
Sri Lanka,2009,2884
Sri Lanka,2008,2841
Sri Lanka,2007,2861
Sri Lanka,2006,2834
Sri Lanka,2005,2903
Sri Lanka,2004,2849
Sri Lanka,2003,2890
Sri Lanka,2002,2880
Sri Lanka,2001,2885
Sri Lanka,2000,2842
Sudan,2019,11459
Sudan,2018,10910
Sudan,2017,10965
Sudan,2016,10178
Sudan,2015,9783
Sudan,2014,9467
Sudan,2013,8226
Sudan,2012,8029
Sudan,2011,7451
Sudan,2010,8233
Sudan,2009,8166
Sudan,2008,8160
Sudan,2007,7999
Sudan,2006,7886
Sudan,2005,7919
Sudan,2004,7751
Sudan,2003,7576
Sudan,2002,7284
Sudan,2001,7127
Sudan,2000,6955
Suriname,2019,89
Suriname,2018,90
Suriname,2017,91
Suriname,2016,81
Suriname,2015,64
Suriname,2014,90
Suriname,2013,79
Suriname,2012,85
Suriname,2011,119
Suriname,2010,103
Suriname,2009,139
Suriname,2008,126
Suriname,2007,130
Suriname,2006,125
Suriname,2005,132
Suriname,2004,145
Suriname,2003,99
Suriname,2002,86
Suriname,2001,61
Suriname,2000,121
Sweden,2019,315
Sweden,2018,361
Sweden,2017,270
Sweden,2016,308
Sweden,2015,313
Sweden,2014,308
Sweden,2013,301
Sweden,2012,331
Sweden,2011,320
Sweden,2010,285
Sweden,2009,383
Sweden,2008,441
Sweden,2007,485
Sweden,2006,483
Sweden,2005,476
Sweden,2004,501
Sweden,2003,540
Sweden,2002,564
Sweden,2001,627
Sweden,2000,598
Switzerland,2019,193
Switzerland,2018,240
Switzerland,2017,237
Switzerland,2016,223
Switzerland,2015,261
Switzerland,2014,251
Switzerland,2013,277
Switzerland,2012,350
Switzerland,2011,330
Switzerland,2010,337
Switzerland,2009,360
Switzerland,2008,368
Switzerland,2007,396
Switzerland,2006,381
Switzerland,2005,422
Switzerland,2004,526
Switzerland,2003,563
Switzerland,2002,529
Switzerland,2001,561
Switzerland,2000,610
Syrian Arab Republic,2019,2550
Syrian Arab Republic,2018,2903
Syrian Arab Republic,2017,2926
Syrian Arab Republic,2016,4806
Syrian Arab Republic,2015,4664
Syrian Arab Republic,2014,4645
Syrian Arab Republic,2013,4511
Syrian Arab Republic,2012,4517
Syrian Arab Republic,2011,4796
Syrian Arab Republic,2010,4813
Syrian Arab Republic,2009,4813
Syrian Arab Republic,2008,4728
Syrian Arab Republic,2007,4525
Syrian Arab Republic,2006,4299
Syrian Arab Republic,2005,4021
Syrian Arab Republic,2004,3893
Syrian Arab Republic,2003,3819
Syrian Arab Republic,2002,3550
Syrian Arab Republic,2001,3583
Syrian Arab Republic,2000,3614
Tajikistan,2019,1461
Tajikistan,2018,1461
Tajikistan,2017,1600
Tajikistan,2016,1577
Tajikistan,2015,1552
Tajikistan,2014,1515
Tajikistan,2013,1499
Tajikistan,2012,1461
Tajikistan,2011,1424
Tajikistan,2010,1411
Tajikistan,2009,1376
Tajikistan,2008,1338
Tajikistan,2007,1304
Tajikistan,2006,1289
Tajikistan,2005,1280
Tajikistan,2004,1271
Tajikistan,2003,1241
Tajikistan,2002,1235
Tajikistan,2001,1230
Tajikistan,2000,1210
Thailand,2019,22428
Thailand,2018,22458
Thailand,2017,24298
Thailand,2016,22447
Thailand,2015,22554
Thailand,2014,22308
Thailand,2013,24562
Thailand,2012,24635
Thailand,2011,25799
Thailand,2010,25758
Thailand,2009,25849
Thailand,2008,25854
Thailand,2007,25763
Thailand,2006,25459
Thailand,2005,25423
Thailand,2004,25257
Thailand,2003,25069
Thailand,2002,25097
Thailand,2001,24956
Thailand,2000,24570
Timor-Leste,2019,154
Timor-Leste,2018,155
Timor-Leste,2017,157
Timor-Leste,2016,161
Timor-Leste,2015,157
Timor-Leste,2014,153
Timor-Leste,2013,171
Timor-Leste,2012,166
Timor-Leste,2011,171
Timor-Leste,2010,167
Timor-Leste,2009,163
Timor-Leste,2008,159
Timor-Leste,2007,158
Timor-Leste,2006,162
Timor-Leste,2005,155
Timor-Leste,2004,149
Timor-Leste,2003,142
Timor-Leste,2002,134
Timor-Leste,2001,127
Timor-Leste,2000,128
Togo,2019,2316
Togo,2018,2276
Togo,2017,2245
Togo,2016,2224
Togo,2015,2191
Togo,2014,2161
Togo,2013,2133
Togo,2012,2076
Togo,2011,2054
Togo,2010,1995
Togo,2009,1954
Togo,2008,1905
Togo,2007,1841
Togo,2006,1801
Togo,2005,1732
Togo,2004,1697
Togo,2003,1649
Togo,2002,1601
Togo,2001,1541
Togo,2000,1481
Tonga,2019,34
Tonga,2018,25
Tonga,2017,18
Tonga,2016,18
Tonga,2015,7
Tonga,2014,6
Tonga,2013,8
Tonga,2012,8
Tonga,2011,9
Tonga,2010,6
Tonga,2009,11
Tonga,2008,18
Tonga,2007,14
Tonga,2006,15
Tonga,2005,14
Tonga,2004,13
Tonga,2003,13
Tonga,2002,13
Tonga,2001,13
Tonga,2000,13
Trinidad and Tobago,2019,130
Trinidad and Tobago,2018,141
Trinidad and Tobago,2017,153
Trinidad and Tobago,2016,165
Trinidad and Tobago,2015,180
Trinidad and Tobago,2014,202
Trinidad and Tobago,2013,189
Trinidad and Tobago,2012,240
Trinidad and Tobago,2011,213
Trinidad and Tobago,2010,268
Trinidad and Tobago,2009,292
Trinidad and Tobago,2008,326
Trinidad and Tobago,2007,275
Trinidad and Tobago,2006,262
Trinidad and Tobago,2005,249
Trinidad and Tobago,2004,231
Trinidad and Tobago,2003,260
Trinidad and Tobago,2002,192
Trinidad and Tobago,2001,205
Trinidad and Tobago,2000,172
Tunisia,2019,1928
Tunisia,2018,2166
Tunisia,2017,2461
Tunisia,2016,2595
Tunisia,2015,2559
Tunisia,2014,2517
Tunisia,2013,2502
Tunisia,2012,2482
Tunisia,2011,2542
Tunisia,2010,2538
Tunisia,2009,2508
Tunisia,2008,2498
Tunisia,2007,2447
Tunisia,2006,2434
Tunisia,2005,2432
Tunisia,2004,2348
Tunisia,2003,2322
Tunisia,2002,2261
Tunisia,2001,2277
Tunisia,2000,2302
Turkey,2019,5573
Turkey,2018,6882
Turkey,2017,7657
Turkey,2016,7526
Turkey,2015,7763
Turkey,2014,7450
Turkey,2013,7825
Turkey,2012,7953
Turkey,2011,8089
Turkey,2010,4935
Turkey,2009,4458
Turkey,2008,4367
Turkey,2007,5162
Turkey,2006,4777
Turkey,2005,4645
Turkey,2004,4564
Turkey,2003,4360
Turkey,2002,4429
Turkey,2001,4522
Turkey,2000,5681
Turkmenistan,2019,800
Turkmenistan,2018,828
Turkmenistan,2017,839
Turkmenistan,2016,802
Turkmenistan,2015,910
Turkmenistan,2014,893
Turkmenistan,2013,914
Turkmenistan,2012,835
Turkmenistan,2011,858
Turkmenistan,2010,858
Turkmenistan,2009,837
Turkmenistan,2008,822
Turkmenistan,2007,825
Turkmenistan,2006,821
Turkmenistan,2005,816
Turkmenistan,2004,816
Turkmenistan,2003,783
Turkmenistan,2002,768
Turkmenistan,2001,744
Turkmenistan,2000,727
Uganda,2019,13012
Uganda,2018,12675
Uganda,2017,12324
Uganda,2016,12036
Uganda,2015,11574
Uganda,2014,11154
Uganda,2013,10687
Uganda,2012,10189
Uganda,2011,9508
Uganda,2010,10459
Uganda,2009,10018
Uganda,2008,9662
Uganda,2007,9372
Uganda,2006,9092
Uganda,2005,9002
Uganda,2004,8699
Uganda,2003,8488
Uganda,2002,8389
Uganda,2001,8192
Uganda,2000,8010
Ukraine,2019,4487
Ukraine,2018,4429
Ukraine,2017,4599
Ukraine,2016,6089
Ukraine,2015,5797
Ukraine,2014,6201
Ukraine,2013,6596
Ukraine,2012,7060
Ukraine,2011,6926
Ukraine,2010,7066
Ukraine,2009,7836
Ukraine,2008,11452
Ukraine,2007,13674
Ukraine,2006,11790
Ukraine,2005,11797
Ukraine,2004,9719
Ukraine,2003,9581
Ukraine,2002,9358
Ukraine,2001,8605
Ukraine,2000,6646
United Arab Emirates,2019,870
United Arab Emirates,2018,1085
United Arab Emirates,2017,1258
United Arab Emirates,2016,1678
United Arab Emirates,2015,1676
United Arab Emirates,2014,1636
United Arab Emirates,2013,1623
United Arab Emirates,2012,1635
United Arab Emirates,2011,1710
United Arab Emirates,2010,1659
United Arab Emirates,2009,1506
United Arab Emirates,2008,1273
United Arab Emirates,2007,1089
United Arab Emirates,2006,910
United Arab Emirates,2005,856
United Arab Emirates,2004,850
United Arab Emirates,2003,900
United Arab Emirates,2002,778
United Arab Emirates,2001,522
United Arab Emirates,2000,502
United Kingdom of Great Britain and Northern Ireland,2019,2169
United Kingdom of Great Britain and Northern Ireland,2018,2026
United Kingdom of Great Britain and Northern Ireland,2017,2015
United Kingdom of Great Britain and Northern Ireland,2016,2019
United Kingdom of Great Britain and Northern Ireland,2015,1927
United Kingdom of Great Britain and Northern Ireland,2014,2107
United Kingdom of Great Britain and Northern Ireland,2013,1858
United Kingdom of Great Britain and Northern Ireland,2012,1928
United Kingdom of Great Britain and Northern Ireland,2011,2149
United Kingdom of Great Britain and Northern Ireland,2010,2342
United Kingdom of Great Britain and Northern Ireland,2009,2702
United Kingdom of Great Britain and Northern Ireland,2008,3226
United Kingdom of Great Britain and Northern Ireland,2007,3583
United Kingdom of Great Britain and Northern Ireland,2006,3987
United Kingdom of Great Britain and Northern Ireland,2005,3995
United Kingdom of Great Britain and Northern Ireland,2004,4113
United Kingdom of Great Britain and Northern Ireland,2003,4290
United Kingdom of Great Britain and Northern Ireland,2002,4216
United Kingdom of Great Britain and Northern Ireland,2001,4164
United Kingdom of Great Britain and Northern Ireland,2000,4058
United Republic of Tanzania,2019,18054
United Republic of Tanzania,2018,17470
United Republic of Tanzania,2017,16902
United Republic of Tanzania,2016,16252
United Republic of Tanzania,2015,15858
United Republic of Tanzania,2014,15296
United Republic of Tanzania,2013,14687
United Republic of Tanzania,2012,14264
United Republic of Tanzania,2011,13062
United Republic of Tanzania,2010,12784
United Republic of Tanzania,2009,12343
United Republic of Tanzania,2008,11871
United Republic of Tanzania,2007,11718
United Republic of Tanzania,2006,11391
United Republic of Tanzania,2005,11456
United Republic of Tanzania,2004,11249
United Republic of Tanzania,2003,10903
United Republic of Tanzania,2002,11043
United Republic of Tanzania,2001,11015
United Republic of Tanzania,2000,10794
United States of America,2019,41694
United States of America,2018,41053
United States of America,2017,41550
United States of America,2016,41555
United States of America,2015,38705
United States of America,2014,36061
United States of America,2013,36174
United States of America,2012,37405
United States of America,2011,36128
United States of America,2010,36153
United States of America,2009,37139
United States of America,2008,40721
United States of America,2007,44863
United States of America,2006,46474
United States of America,2005,46394
United States of America,2004,46158
United States of America,2003,46286
United States of America,2002,46575
United States of America,2001,44676
United States of America,2000,44148
Uruguay,2019,512
Uruguay,2018,544
Uruguay,2017,485
Uruguay,2016,460
Uruguay,2015,522
Uruguay,2014,555
Uruguay,2013,585
Uruguay,2012,527
Uruguay,2011,590
Uruguay,2010,573
Uruguay,2009,552
Uruguay,2008,531
Uruguay,2007,479
Uruguay,2006,481
Uruguay,2005,424
Uruguay,2004,462
Uruguay,2003,406
Uruguay,2002,410
Uruguay,2001,518
Uruguay,2000,559
Uzbekistan,2019,3853
Uzbekistan,2018,3326
Uzbekistan,2017,3585
Uzbekistan,2016,3617
Uzbekistan,2015,3694
Uzbekistan,2014,3306
Uzbekistan,2013,3482
Uzbekistan,2012,3045
Uzbekistan,2011,3262
Uzbekistan,2010,3216
Uzbekistan,2009,3611
Uzbekistan,2008,2928
Uzbekistan,2007,2790
Uzbekistan,2006,2669
Uzbekistan,2005,3397
Uzbekistan,2004,3346
Uzbekistan,2003,2555
Uzbekistan,2002,2098
Uzbekistan,2001,2404
Uzbekistan,2000,2413
Vanuatu,2019,45
Vanuatu,2018,44
Vanuatu,2017,44
Vanuatu,2016,43
Vanuatu,2015,42
Vanuatu,2014,39
Vanuatu,2013,34
Vanuatu,2012,33
Vanuatu,2011,33
Vanuatu,2010,32
Vanuatu,2009,31
Vanuatu,2008,30
Vanuatu,2007,30
Vanuatu,2006,29
Vanuatu,2005,29
Vanuatu,2004,29
Vanuatu,2003,29
Vanuatu,2002,28
Vanuatu,2001,27
Vanuatu,2000,26
Venezuela (Bolivarian Republic of),2019,11127
Venezuela (Bolivarian Republic of),2018,11041
Venezuela (Bolivarian Republic of),2017,11106
Venezuela (Bolivarian Republic of),2016,10640
Venezuela (Bolivarian Republic of),2015,10501
Venezuela (Bolivarian Republic of),2014,10360
Venezuela (Bolivarian Republic of),2013,10537
Venezuela (Bolivarian Republic of),2012,10105
Venezuela (Bolivarian Republic of),2011,8684
Venezuela (Bolivarian Republic of),2010,8877
Venezuela (Bolivarian Republic of),2009,10329
Venezuela (Bolivarian Republic of),2008,10416
Venezuela (Bolivarian Republic of),2007,10016
Venezuela (Bolivarian Republic of),2006,8276
Venezuela (Bolivarian Republic of),2005,7182
Venezuela (Bolivarian Republic of),2004,7328
Venezuela (Bolivarian Republic of),2003,6989
Venezuela (Bolivarian Republic of),2002,7493
Venezuela (Bolivarian Republic of),2001,7404
Venezuela (Bolivarian Republic of),2000,6631
Viet Nam,2019,29475
Viet Nam,2018,27868
Viet Nam,2017,26338
Viet Nam,2016,24970
Viet Nam,2015,23582
Viet Nam,2014,22629
Viet Nam,2013,22681
Viet Nam,2012,22783
Viet Nam,2011,22520
Viet Nam,2010,22529
Viet Nam,2009,21420
Viet Nam,2008,21372
Viet Nam,2007,20780
Viet Nam,2006,20721
Viet Nam,2005,20661
Viet Nam,2004,20668
Viet Nam,2003,19916
Viet Nam,2002,19813
Viet Nam,2001,19507
Viet Nam,2000,19251
Yemen,2019,8561
Yemen,2018,8092
Yemen,2017,7644
Yemen,2016,7418
Yemen,2015,6896
Yemen,2014,6281
Yemen,2013,5884
Yemen,2012,5747
Yemen,2011,5741
Yemen,2010,5355
Yemen,2009,5177
Yemen,2008,4860
Yemen,2007,4688
Yemen,2006,4526
Yemen,2005,4419
Yemen,2004,4375
Yemen,2003,4173
Yemen,2002,4053
Yemen,2001,3934
Yemen,2000,3815
Zambia,2019,3654
Zambia,2018,3559
Zambia,2017,3466
Zambia,2016,3472
Zambia,2015,3312
Zambia,2014,3170
Zambia,2013,3040
Zambia,2012,2957
Zambia,2011,2899
Zambia,2010,3217
Zambia,2009,3146
Zambia,2008,3066
Zambia,2007,3017
Zambia,2006,3029
Zambia,2005,3017
Zambia,2004,2993
Zambia,2003,2953
Zambia,2002,2954
Zambia,2001,2907
Zambia,2000,2850
Zimbabwe,2019,6037
Zimbabwe,2018,5867
Zimbabwe,2017,5702
Zimbabwe,2016,5601
Zimbabwe,2015,5353
Zimbabwe,2014,5151
Zimbabwe,2013,5030
Zimbabwe,2012,4895
Zimbabwe,2011,4822
Zimbabwe,2010,4774
Zimbabwe,2009,4753
Zimbabwe,2008,4637
Zimbabwe,2007,4480
Zimbabwe,2006,4431
Zimbabwe,2005,4259
Zimbabwe,2004,4188
Zimbabwe,2003,4044
Zimbabwe,2002,3869
Zimbabwe,2001,3541
Zimbabwe,2000,3483
